dffh_area,suburb,suburb_u,postcode,suburb_key,postcode_source
Albert Park-Middle Park-West St Kilda,Albert Park,ALBERT PARK,3206,ALBERT_PARK_3206,listings
Albert Park-Middle Park-West St Kilda,Middle Park,MIDDLE PARK,3206,MIDDLE_PARK_3206,listings
Albert Park-Middle Park-West St Kilda,St Kilda West,ST KILDA WEST,3182,ST_KILDA_WEST_3182,listings
Altona,Altona,ALTONA,3018,ALTONA_3018,listings
Armadale,Armadale,ARMADALE,3143,ARMADALE_3143,listings
Aspendale-Chelsea-Carrum,Aspendale,ASPENDALE,3195,ASPENDALE_3195,listings
Aspendale-Chelsea-Carrum,Chelsea,CHELSEA,3196,CHELSEA_3196,listings
Aspendale-Chelsea-Carrum,Carrum,CARRUM,3197,CARRUM_3197,listings
Bairnsdale,Bairnsdale,BAIRNSDALE,3875,BAIRNSDALE_3875,listings
Ballarat,Ballarat Central,BALLARAT CENTRAL,3350,BALLARAT_CENTRAL_3350,listings
Balwyn,Balwyn,BALWYN,3103,BALWYN_3103,listings
Bayswater,Bayswater,BAYSWATER,3153,BAYSWATER_3153,listings
Belmont-Grovedale,Belmont,BELMONT,3216,BELMONT_3216,listings
Belmont-Grovedale,Grovedale,GROVEDALE,3216,GROVEDALE_3216,listings
Benalla,Benalla,BENALLA,3672,BENALLA_3672,listings
Bendigo,Bendigo,BENDIGO,3550,BENDIGO_3550,listings
Bentleigh,Bentleigh,BENTLEIGH,3204,BENTLEIGH_3204,listings
Berwick,Berwick,BERWICK,3806,BERWICK_3806,listings
Blackburn,Blackburn,BLACKBURN,3130,BLACKBURN_3130,listings
Boronia,Boronia,BORONIA,3155,BORONIA_3155,listings
Box Hill,Box Hill,BOX HILL,3128,BOX_HILL_3128,listings
Brighton,Brighton,BRIGHTON,3186,BRIGHTON_3186,listings
Brighton East,Brighton East,BRIGHTON EAST,3187,BRIGHTON_EAST_3187,listings
Broadmeadows-Roxburgh Park,Broadmeadows,BROADMEADOWS,3047,BROADMEADOWS_3047,listings
Broadmeadows-Roxburgh Park,Roxburgh Park,ROXBURGH PARK,3064,ROXBURGH_PARK_3064,listings
Brunswick,Brunswick,BRUNSWICK,3056,BRUNSWICK_3056,listings
Bulleen-Templestowe-Doncaster,Bulleen,BULLEEN,3105,BULLEEN_3105,listings
Bulleen-Templestowe-Doncaster,Templestowe,TEMPLESTOWE,3106,TEMPLESTOWE_3106,listings
Bulleen-Templestowe-Doncaster,Doncaster,DONCASTER,3108,DONCASTER_3108,listings
Bundoora-Greensborough-Hurstbridge,Bundoora,BUNDOORA,3083,BUNDOORA_3083,listings
Bundoora-Greensborough-Hurstbridge,Greensborough,GREENSBOROUGH,3088,GREENSBOROUGH_3088,listings
Bundoora-Greensborough-Hurstbridge,Hurstbridge,HURSTBRIDGE,3099,HURSTBRIDGE_3099,listings
Burwood-Ashburton,Burwood,BURWOOD,3125,BURWOOD_3125,listings
Burwood-Ashburton,Ashburton,ASHBURTON,3147,ASHBURTON_3147,listings
CBD-St Kilda Rd,Melbourne,MELBOURNE,3000,MELBOURNE_3000,listings
Camberwell-Glen Iris,Camberwell,CAMBERWELL,3124,CAMBERWELL_3124,listings
Camberwell-Glen Iris,Glen Iris,GLEN IRIS,3146,GLEN_IRIS_3146,listings
Canterbury-Surrey Hills-Mont Albert,Canterbury,CANTERBURY,3126,CANTERBURY_3126,listings
Canterbury-Surrey Hills-Mont Albert,Surrey Hills,SURREY HILLS,3127,SURREY_HILLS_3127,listings
Canterbury-Surrey Hills-Mont Albert,Mont Albert,MONT ALBERT,3127,MONT_ALBERT_3127,listings
Carlton North,Carlton North,CARLTON NORTH,3054,CARLTON_NORTH_3054,listings
Carlton-Parkville,Carlton,CARLTON,3053,CARLTON_3053,listings
Carlton-Parkville,Parkville,PARKVILLE,3052,PARKVILLE_3052,listings
Carnegie,Carnegie,CARNEGIE,3163,CARNEGIE_3163,listings
Castlemaine,Castlemaine,CASTLEMAINE,3450,CASTLEMAINE_3450,listings
Caulfield,Caulfield,CAULFIELD,3162,CAULFIELD_3162,listings
Chadstone-Oakleigh,Chadstone,CHADSTONE,3148,CHADSTONE_3148,listings
Chadstone-Oakleigh,Oakleigh,OAKLEIGH,3166,OAKLEIGH_3166,listings
Cheltenham,Cheltenham,CHELTENHAM,3192,CHELTENHAM_3192,listings
Clayton,Clayton,CLAYTON,3168,CLAYTON_3168,listings
Coburg-Pascoe Vale South,Coburg,COBURG,3058,COBURG_3058,listings
Coburg-Pascoe Vale South,Pascoe Vale South,PASCOE VALE SOUTH,3044,PASCOE_VALE_SOUTH_3044,listings
Collingwood-Abbotsford,Collingwood,COLLINGWOOD,3066,COLLINGWOOD_3066,listings
Collingwood-Abbotsford,Abbotsford,ABBOTSFORD,3067,ABBOTSFORD_3067,listings
Corio,Corio,CORIO,3214,CORIO_3214,listings
Craigieburn,Craigieburn,CRAIGIEBURN,3064,CRAIGIEBURN_3064,listings
Cranbourne,Cranbourne,CRANBOURNE,3977,CRANBOURNE_3977,listings
Croydon-Lilydale,Croydon,CROYDON,3136,CROYDON_3136,listings
Croydon-Lilydale,Lilydale,LILYDALE,3140,LILYDALE_3140,listings
Dandenong,Dandenong,DANDENONG,3175,DANDENONG_3175,listings
Dandenong North-Endeavour Hills,Dandenong North,DANDENONG NORTH,,,not found
Dandenong North-Endeavour Hills,Endeavour Hills,ENDEAVOUR HILLS,3802,ENDEAVOUR_HILLS_3802,listings
Docklands,Docklands,DOCKLANDS,3008,DOCKLANDS_3008,listings
Doncaster East-Donvale,Doncaster East,DONCASTER EAST,3109,DONCASTER_EAST_3109,listings
Doncaster East-Donvale,Donvale,DONVALE,3111,DONVALE_3111,listings
Dromana-Portsea,Dromana,DROMANA,3936,DROMANA_3936,listings
Dromana-Portsea,Portsea,PORTSEA,3944,PORTSEA_3944,listings
East Brunswick,Brunswick East,BRUNSWICK EAST,3057,BRUNSWICK_EAST_3057,listings
East Hawthorn,Hawthorn East,HAWTHORN EAST,3123,HAWTHORN_EAST_3123,listings
East Melbourne,East Melbourne,EAST MELBOURNE,3002,EAST_MELBOURNE_3002,listings
East St Kilda,St Kilda East,ST KILDA EAST,3183,ST_KILDA_EAST_3183,listings
Echuca,Echuca,ECHUCA,3564,ECHUCA_3564,listings
Elsternwick,Elsternwick,ELSTERNWICK,3185,ELSTERNWICK_3185,listings
Eltham-Research-Montmorency,Eltham,ELTHAM,3095,ELTHAM_3095,listings
Eltham-Research-Montmorency,Research,RESEARCH,3095,RESEARCH_3095,postcodes.csv
Eltham-Research-Montmorency,Montmorency,MONTMORENCY,3094,MONTMORENCY_3094,listings
Elwood,Elwood,ELWOOD,3184,ELWOOD_3184,listings
Essendon,Essendon,ESSENDON,3040,ESSENDON_3040,listings
Fairfield-Alphington,Fairfield,FAIRFIELD,3078,FAIRFIELD_3078,listings
Fairfield-Alphington,Alphington,ALPHINGTON,3078,ALPHINGTON_3078,listings
Ferntree Gully,Ferntree Gully,FERNTREE GULLY,3156,FERNTREE_GULLY_3156,listings
Fitzroy,Fitzroy,FITZROY,3065,FITZROY_3065,listings
Fitzroy North-Clifton Hill,Fitzroy North,FITZROY NORTH,3068,FITZROY_NORTH_3068,listings
Fitzroy North-Clifton Hill,Clifton Hill,CLIFTON HILL,3068,CLIFTON_HILL_3068,listings
Flemington-Kensington,Flemington,FLEMINGTON,3031,FLEMINGTON_3031,listings
Flemington-Kensington,Kensington,KENSINGTON,3031,KENSINGTON_3031,listings
Flora Hill-Bendigo East,Flora Hill,FLORA HILL,,,not found
Flora Hill-Bendigo East,Bendigo East,BENDIGO EAST,,,not found
Footscray,Footscray,FOOTSCRAY,3011,FOOTSCRAY_3011,listings
Frankston,Frankston,FRANKSTON,3199,FRANKSTON_3199,listings
Geelong-Newcombe,Geelong,GEELONG,3220,GEELONG_3220,listings
Geelong-Newcombe,Newcomb,NEWCOMB,3219,NEWCOMB_3219,listings
Gladstone Park-Tullamarine,Gladstone Park,GLADSTONE PARK,3043,GLADSTONE_PARK_3043,listings
Gladstone Park-Tullamarine,Tullamarine,TULLAMARINE,3043,TULLAMARINE_3043,listings
Glen Waverley-Mulgrave,Glen Waverley,GLEN WAVERLEY,3150,GLEN_WAVERLEY_3150,listings
Glen Waverley-Mulgrave,Mulgrave,MULGRAVE,3170,MULGRAVE_3170,listings
Golden Square-Kangaroo Flat,Golden Square,GOLDEN SQUARE,3555,GOLDEN_SQUARE_3555,listings
Golden Square-Kangaroo Flat,Kangaroo Flat,KANGAROO FLAT,3555,KANGAROO_FLAT_3555,listings
Hamilton,Hamilton,HAMILTON,3300,HAMILTON_3300,listings
Hampton-Beaumaris,Hampton,HAMPTON,3188,HAMPTON_3188,listings
Hampton-Beaumaris,Beaumaris,BEAUMARIS,3193,BEAUMARIS_3193,listings
Hastings-Flinders,Hastings,HASTINGS,3915,HASTINGS_3915,listings
Hastings-Flinders,Flinders,FLINDERS,3929,FLINDERS_3929,listings
Hawthorn,Hawthorn,HAWTHORN,3122,HAWTHORN_3122,listings
Heidelberg-Heidelberg West,Heidelberg,HEIDELBERG,3084,HEIDELBERG_3084,listings
Heidelberg-Heidelberg West,Heidelberg West,HEIDELBERG WEST,3081,HEIDELBERG_WEST_3081,listings
Herne Hill-Geelong West,Herne Hill,HERNE HILL,3218,HERNE_HILL_3218,listings
Herne Hill-Geelong West,Geelong West,GEELONG WEST,3218,GEELONG_WEST_3218,listings
Horsham,Horsham,HORSHAM,3400,HORSHAM_3400,listings
Ivanhoe-Ivanhoe East,Ivanhoe,IVANHOE,3079,IVANHOE_3079,listings
Ivanhoe-Ivanhoe East,Ivanhoe East,IVANHOE EAST,3079,IVANHOE_EAST_3079,listings
Keilor,Keilor,KEILOR,3036,KEILOR_3036,listings
Keilor East-Avondale Heights,Keilor East,KEILOR EAST,3033,KEILOR_EAST_3033,listings
Keilor East-Avondale Heights,Avondale Heights,AVONDALE HEIGHTS,3034,AVONDALE_HEIGHTS_3034,listings
Kew,Kew,KEW,3101,KEW_3101,listings
Lara,Lara,LARA,3212,LARA_3212,listings
Malvern,Malvern,MALVERN,3144,MALVERN_3144,listings
Malvern East,Malvern East,MALVERN EAST,3145,MALVERN_EAST_3145,listings
Melton,Melton,MELTON,3337,MELTON_3337,listings
Mentone-Parkdale-Mordialloc,Mentone,MENTONE,3194,MENTONE_3194,listings
Mentone-Parkdale-Mordialloc,Parkdale,PARKDALE,3195,PARKDALE_3195,listings
Mentone-Parkdale-Mordialloc,Mordialloc,MORDIALLOC,3195,MORDIALLOC_3195,listings
Mildura,Mildura,MILDURA,3500,MILDURA_3500,listings
Mill Park-Epping,Mill Park,MILL PARK,3082,MILL_PARK_3082,listings
Mill Park-Epping,Epping,EPPING,3076,EPPING_3076,listings
Moe-Newborough,Moe,MOE,3825,MOE_3825,listings
Moe-Newborough,Newborough,NEWBOROUGH,3825,NEWBOROUGH_3825,listings
Moonee Ponds-Ascot Vale,Moonee Ponds,MOONEE PONDS,3039,MOONEE_PONDS_3039,listings
Moonee Ponds-Ascot Vale,Ascot Vale,ASCOT VALE,3032,ASCOT_VALE_3032,listings
Morwell,Morwell,MORWELL,3840,MORWELL_3840,listings
Mount Clear-Buninyong,Mount Clear,MOUNT CLEAR,3350,MOUNT_CLEAR_3350,listings
Mount Clear-Buninyong,Buninyong,BUNINYONG,3357,BUNINYONG_3357,listings
Mount Waverley,Mount Waverley,MOUNT WAVERLEY,3149,MOUNT_WAVERLEY_3149,listings
Mt Eliza-Mornington-Mt Martha,Mount Eliza,MOUNT ELIZA,3930,MOUNT_ELIZA_3930,listings
Mt Eliza-Mornington-Mt Martha,Mornington,MORNINGTON,3931,MORNINGTON_3931,listings
Mt Eliza-Mornington-Mt Martha,Mount Martha,MOUNT MARTHA,3934,MOUNT_MARTHA_3934,listings
Murrumbeena-Hughesdale,Murrumbeena,MURRUMBEENA,3163,MURRUMBEENA_3163,listings
Murrumbeena-Hughesdale,Hughesdale,HUGHESDALE,3166,HUGHESDALE_3166,listings
Narre Warren-Hampton Park,Narre Warren,NARRE WARREN,3805,NARRE_WARREN_3805,listings
Narre Warren-Hampton Park,Hampton Park,HAMPTON PARK,3976,HAMPTON_PARK_3976,listings
Newport-Spotswood,Newport,NEWPORT,3015,NEWPORT_3015,listings
Newport-Spotswood,Spotswood,SPOTSWOOD,3015,SPOTSWOOD_3015,listings
Newtown,Newtown,NEWTOWN,3220,NEWTOWN_3220,listings
Noble Park,Noble Park,NOBLE PARK,3174,NOBLE_PARK_3174,listings
North Bendigo,North Bendigo,NORTH BENDIGO,3550,NORTH_BENDIGO_3550,listings
North Geelong,North Geelong,NORTH GEELONG,3215,NORTH_GEELONG_3215,listings
North Melbourne-West Melbourne,North Melbourne,NORTH MELBOURNE,3051,NORTH_MELBOURNE_3051,listings
North Melbourne-West Melbourne,West Melbourne,WEST MELBOURNE,3003,WEST_MELBOURNE_3003,listings
Northcote,Northcote,NORTHCOTE,3070,NORTHCOTE_3070,listings
Nunawading-Mitcham,Nunawading,NUNAWADING,3131,NUNAWADING_3131,listings
Nunawading-Mitcham,Mitcham,MITCHAM,3132,MITCHAM_3132,listings
Oak Park-Glenroy-Fawkner,Oak Park,OAK PARK,3046,OAK_PARK_3046,listings
Oak Park-Glenroy-Fawkner,Glenroy,GLENROY,3046,GLENROY_3046,listings
Oak Park-Glenroy-Fawkner,Fawkner,FAWKNER,3060,FAWKNER_3060,listings
Ocean Grove-Barwon Heads,Ocean Grove,OCEAN GROVE,3226,OCEAN_GROVE_3226,listings
Ocean Grove-Barwon Heads,Barwon Heads,BARWON HEADS,3227,BARWON_HEADS_3227,listings
Pakenham,Pakenham,PAKENHAM,3810,PAKENHAM_3810,listings
Pascoe Vale-Coburg North,Pascoe Vale,PASCOE VALE,3044,PASCOE_VALE_3044,listings
Pascoe Vale-Coburg North,Coburg North,COBURG NORTH,3058,COBURG_NORTH_3058,listings
Port Melbourne,Port Melbourne,PORT MELBOURNE,3207,PORT_MELBOURNE_3207,listings
Portland,Portland,PORTLAND,3305,PORTLAND_3305,listings
Prahran-Windsor,Prahran,PRAHRAN,3181,PRAHRAN_3181,listings
Prahran-Windsor,Windsor,WINDSOR,3181,WINDSOR_3181,listings
Preston,Preston,PRESTON,3072,PRESTON_3072,listings
Reservoir,Reservoir,RESERVOIR,3073,RESERVOIR_3073,listings
Richmond-Burnley,Richmond,RICHMOND,3121,RICHMOND_3121,listings
Richmond-Burnley,Burnley,BURNLEY,3121,BURNLEY_3121,listings
Ringwood,Ringwood,RINGWOOD,3134,RINGWOOD_3134,listings
Rowville,Rowville,ROWVILLE,3178,ROWVILLE_3178,listings
Sale-Maffra,Sale,SALE,3850,SALE_3850,listings
Sale-Maffra,Maffra,MAFFRA,3860,MAFFRA_3860,listings
Seaford-Carrum Downs,Seaford,SEAFORD,3198,SEAFORD_3198,listings
Seaford-Carrum Downs,Carrum Downs,CARRUM DOWNS,3201,CARRUM_DOWNS_3201,listings
Sebastopol-Delacombe,Sebastopol,SEBASTOPOL,3356,SEBASTOPOL_3356,listings
Sebastopol-Delacombe,Delacombe,DELACOMBE,3356,DELACOMBE_3356,listings
Seymour,Seymour,SEYMOUR,3660,SEYMOUR_3660,listings
Shepparton,Shepparton,SHEPPARTON,3630,SHEPPARTON_3630,listings
South Melbourne,South Melbourne,SOUTH MELBOURNE,3205,SOUTH_MELBOURNE_3205,listings
South Yarra,South Yarra,SOUTH YARRA,3141,SOUTH_YARRA_3141,listings
Southbank,Southbank,SOUTHBANK,3006,SOUTHBANK_3006,listings
Springvale,Springvale,SPRINGVALE,3171,SPRINGVALE_3171,listings
St Albans-Deer Park,St Albans,ST ALBANS,3021,ST_ALBANS_3021,listings
St Albans-Deer Park,Deer Park,DEER PARK,3023,DEER_PARK_3023,listings
St Kilda,St Kilda,ST KILDA,3182,ST_KILDA_3182,listings
Sunbury,Sunbury,SUNBURY,3429,SUNBURY_3429,listings
Sunshine,Sunshine,SUNSHINE,3020,SUNSHINE_3020,listings
Swan Hill,Swan Hill,SWAN HILL,3585,SWAN_HILL_3585,listings
Sydenham,Sydenham,SYDENHAM,3037,SYDENHAM_3037,listings
Thomastown-Lalor,Thomastown,THOMASTOWN,3074,THOMASTOWN_3074,listings
Thomastown-Lalor,Lalor,LALOR,3075,LALOR_3075,listings
Thornbury,Thornbury,THORNBURY,3071,THORNBURY_3071,listings
Toorak,Toorak,TOORAK,3142,TOORAK_3142,listings
Torquay,Torquay,TORQUAY,3228,TORQUAY_3228,listings
Traralgon,Traralgon,TRARALGON,3844,TRARALGON_3844,listings
Vermont-Forest Hill-Burwood East,Vermont,VERMONT,3133,VERMONT_3133,listings
Vermont-Forest Hill-Burwood East,Forest Hill,FOREST HILL,3131,FOREST_HILL_3131,listings
Vermont-Forest Hill-Burwood East,Burwood East,BURWOOD EAST,3151,BURWOOD_EAST_3151,listings
Wanagaratta,Wangaratta,WANGARATTA,3677,WANGARATTA_3677,listings
Wantirna-Scoresby,Wantirna,WANTIRNA,3152,WANTIRNA_3152,listings
Wantirna-Scoresby,Scoresby,SCORESBY,3179,SCORESBY_3179,listings
Warragul,Warragul,WARRAGUL,3820,WARRAGUL_3820,listings
Warrnambool,Warrnambool,WARRNAMBOOL,3280,WARRNAMBOOL_3280,listings
Wendouree-Alfredton,Wendouree,WENDOUREE,3355,WENDOUREE_3355,listings
Wendouree-Alfredton,Alfredton,ALFREDTON,3350,ALFREDTON_3350,listings
Werribee-Hoppers Crossing,Werribee,WERRIBEE,3030,WERRIBEE_3030,listings
Werribee-Hoppers Crossing,Hoppers Crossing,HOPPERS CROSSING,3029,HOPPERS_CROSSING_3029,listings
West Brunswick,Brunswick West,BRUNSWICK WEST,3055,BRUNSWICK_WEST_3055,listings
West Footscray,West Footscray,WEST FOOTSCRAY,3012,WEST_FOOTSCRAY_3012,listings
Whittlesea,Whittlesea,WHITTLESEA,3757,WHITTLESEA_3757,listings
Williamstown,Williamstown,WILLIAMSTOWN,3016,WILLIAMSTOWN_3016,listings
Wodonga,Wodonga,WODONGA,3690,WODONGA_3690,listings
Yarra Ranges,Yarra Ranges,YARRA RANGES,,,not found
Yarraville-Seddon,Yarraville,YARRAVILLE,3013,YARRAVILLE_3013,listings
Yarraville-Seddon,Seddon,SEDDON,3011,SEDDON_3011,listings
