area,region,metro,rent_now,quarter_now,rent_5y,quarter_5y,growth_pa_pct,growth_5y_pct,change_per_week,rent_5y_low,rent_5y_high,growth_pa_low,growth_pa_high,suburbs
Swan Hill,Other Regional Centres,False,429.9999999999999,2025Q3,638.8029585884176,2030Q3,8.237983502144575,48.5588275787018,208.8029585884177,573.2061265890369,795.9731032170857,5.917683440603705,13.106089490269568,Swan Hill
Moe-Newborough,Other Regional Centres,False,390.00000000000006,2025Q3,572.8201595434072,2030Q3,7.991789395175708,46.876963985489,182.8201595434071,513.998910727562,713.7559929036605,5.676767002185823,12.848822569787387,"Moe, Newborough"
Warragul,Other Regional Centres,False,549.9999999999998,2025Q3,803.0033783836665,2030Q3,7.8626129036704295,46.000614251575776,253.0033783836667,720.5452792177439,1000.5731538849509,5.550359670004212,12.713836243033194,Warragul
Morwell,Other Regional Centres,False,380.00000000000006,2025Q3,540.9224651962431,2030Q3,7.317435092125457,42.34801715690606,160.92246519624308,485.3766985445416,674.0102365422832,5.016868847340139,12.144138542230309,Morwell
Mildura,Other Regional Centres,False,460.0000000000001,2025Q3,649.5978399919135,2030Q3,7.1463418449905225,41.21692173737246,189.59783999191336,582.8925127791683,809.4239414357878,4.8494433299522965,11.965350213997628,Mildura
Shepparton,Other Regional Centres,False,460.0000000000001,2025Q3,645.8143354131529,2030Q3,7.02123784400972,40.394420741989734,185.81433541315278,579.4975253650281,804.7095489300817,4.7270211862251,11.8346195418926,Shepparton
Wodonga,Other Regional Centres,False,499.99999999999983,2025Q3,699.0471521624514,2030Q3,6.931902392145162,39.80943043249032,199.0471521624516,627.2640178116437,871.0396899716261,4.639600820430645,11.74126614333224,Wodonga
Frankston,Mornington Peninsula,True,549.9999999999998,2025Q3,756.0541344139194,2030Q3,6.570754529634715,37.464388075258135,206.05413441391966,678.4171175986278,942.0725866695549,4.286194892687423,11.363875313101968,Frankston
Croydon-Lilydale,Outer Eastern Melbourne,True,600.0,2025Q3,821.3150100711074,2030Q3,6.480897222570503,36.88583501185123,221.3150100711074,736.9765423012418,1023.3901526218208,4.1982638587148235,11.26997658840927,"Croydon, Lilydale"
Benalla,Other Regional Centres,False,450.00000000000006,2025Q3,613.6098486424314,2030Q3,6.39861176895804,36.35774414276251,163.60984864243136,550.6000243869106,764.5815173864445,4.117742360202992,11.183990268460375,Benalla
Bendigo,Bendigo,False,470.00000000000006,2025Q3,638.8479124579044,2030Q3,6.331006403268646,35.92508775700092,168.84791245790433,573.2464642754194,796.0291174708019,4.051586252242667,11.113344287315163,Bendigo
Yarra Ranges,Outer Eastern Melbourne,True,580.0,2025Q3,782.8052419857208,2030Q3,6.180592965518272,34.96642103202083,202.80524198572084,702.4212311473232,975.4054975807269,3.904397230705303,10.956165862512046,Yarra Ranges
North Bendigo,Bendigo,False,480.0,2025Q3,647.3520915269328,2030Q3,6.164633206399173,34.86501906811099,167.35209152693278,580.8773737420082,806.6256523065925,3.888779601297676,10.939488298086331,North Bendigo
Port Melbourne,Inner Melbourne,True,795.0000000000001,2025Q3,1066.053327555842,2030Q3,6.043086604355019,34.094758183124775,271.053327555842,956.5833883674152,1328.3435274072467,3.769838596466979,10.812475022309886,Port Melbourne
Seaford-Carrum Downs,Mornington Peninsula,True,559.9999999999999,2025Q3,749.8469085436693,2030Q3,6.012460807716757,33.90123366851241,189.84690854366943,672.8472938366784,934.3381440344892,3.7398693257129523,10.780471801414615,"Seaford, Carrum Downs"
Golden Square-Kangaroo Flat,Bendigo,False,475.00000000000006,2025Q3,635.6631641563149,2030Q3,6.000200600590078,33.82382403290838,160.66316415631485,570.3887485845763,792.060798360034,3.727871940919325,10.767660179841743,"Golden Square, Kangaroo Flat"
Carlton North,Inner Melbourne,True,760.0000000000001,2025Q3,1009.187704193816,2030Q3,5.835574511533914,32.787855814975764,249.18770419381588,905.5571317335296,1257.486769332948,3.5667749449985964,10.59562987625753,Carlton North
Flora Hill-Bendigo East,Bendigo,False,460.0000000000001,2025Q3,609.7548773310251,2030Q3,5.798495096759337,32.5554081154402,149.754877331025,547.140908952621,759.7780745778305,3.5304904024638706,10.556882779628008,"Flora Hill, Bendigo East"
Portland,Other Regional Centres,False,419.99999999999994,2025Q3,554.9097523032959,2030Q3,5.729118997927141,32.12136959602285,134.909752303296,497.9276715109775,691.4389352896892,3.462601520606512,10.484386424937098,Portland
Hastings-Flinders,Mornington Peninsula,True,580.0,2025Q3,761.7610418274082,2030Q3,5.603461268699728,31.33811065989798,181.76104182740823,683.5379991620393,949.1836132272982,3.3396375189175043,10.353077120132316,"Hastings, Flinders"
Warrnambool,Other Regional Centres,False,499.99999999999983,2025Q3,648.6563897500703,2030Q3,5.343790033988127,29.73127795001409,148.65638975007045,582.0477373452916,808.2508581548644,3.085532862244289,10.081726925302071,Warrnambool
Dromana-Portsea,Mornington Peninsula,True,595.0000000000002,2025Q3,765.2049441419432,2030Q3,5.160383285197101,28.605872965032432,170.20494414194297,686.6282570882514,953.4748482249169,2.9060578080094324,9.890071283995105,"Dromana, Portsea"
Traralgon,Other Regional Centres,False,450.00000000000006,2025Q3,576.4954380106958,2030Q3,5.079179318233518,28.110097335710172,126.49543801069575,517.2967854572374,718.3355315038873,2.8265946122931096,9.805215091583053,Traralgon
Mt Eliza-Mornington-Mt Martha,Mornington Peninsula,True,694.9999999999999,2025Q3,887.2038646861379,2030Q3,5.00445473342106,27.655232328940716,192.203864686138,796.0994606150934,1105.4902045552624,2.753471900068538,9.72712969768108,"Mount Eliza, Mornington, Mount Martha"
Seymour,Other Regional Centres,False,410.00000000000017,2025Q3,522.1569700137961,2030Q3,4.955075303764733,27.355358539950213,112.15697001379596,468.5381778983245,650.6277064006196,2.7051510183448535,9.675529381332094,Seymour
Wanagaratta,Other Regional Centres,False,419.99999999999994,2025Q3,534.060052426998,2030Q3,4.922386622143549,27.157155339761463,114.06005242699808,479.21896713514695,665.4594057828848,2.6731630847191656,9.641370495244828,Wangaratta
Hamilton,Other Regional Centres,False,369.9999999999999,2025Q3,469.63685660391894,2030Q3,4.884687770081975,26.92888016322137,99.63685660391906,421.4112033423264,585.1856211846241,2.636272383788385,9.601976101548715,Hamilton
Lara,Geelong,False,549.9999999999998,2025Q3,697.9398441796893,2030Q3,4.879609225429937,26.89815348721629,147.93984417968954,626.2704160895372,869.6599415540486,2.631302708011085,9.596669144533188,Lara
Echuca,Other Regional Centres,False,470.00000000000006,2025Q3,595.497345062629,2030Q3,4.847093156855831,26.701562779282774,125.497345062629,534.3474415204341,742.0126399452635,2.59948368712275,9.562690634928561,Echuca
Herne Hill-Geelong West,Geelong,False,480.0,2025Q3,608.0550833026242,2030Q3,4.843216732659572,26.678142354713373,128.0550833026242,545.6156618667717,757.6600657154328,2.595690361918268,9.558639864876683,"Herne Hill, Geelong West"
Castlemaine,Other Regional Centres,False,475.00000000000006,2025Q3,601.294532022532,2030Q3,4.828344914980187,26.58832253105936,126.294532022532,539.5493320842182,749.2361582968381,2.581137351725493,9.543099173088997,Castlemaine
Horsham,Other Regional Centres,False,390.00000000000006,2025Q3,487.6053724483828,2030Q3,4.5684751391182,25.027018576508397,97.60537244838275,437.5345841584052,607.5750843588835,2.326838410032961,9.2715415075318,Horsham
Fairfield-Alphington,North Eastern Melbourne,True,549.9999999999998,2025Q3,686.9388368665003,2030Q3,4.546879883401722,24.897970339363738,136.93883686650054,616.3990704644247,855.9522625086315,2.3057060922939465,9.248974984703096,"Fairfield, Alphington"
Corio,Geelong,False,399.9999999999999,2025Q3,499.47937334270574,2030Q3,4.542170670926948,24.869843335676478,99.47937334270586,448.1892781735826,622.3705470479443,2.3010978313118047,9.244053970929865,Corio
North Geelong,Geelong,False,480.0,2025Q3,597.1939773024416,2030Q3,4.465968841934265,24.415411938008667,117.19397730244157,535.869851492639,744.1267090972378,2.2265295426233678,9.164424892389267,North Geelong
Torquay,Other Regional Centres,False,685.0000000000002,2025Q3,852.2390973268592,2030Q3,4.465810117356983,24.414466763045105,167.239097326859,764.7251242948823,1061.9227570285202,2.226374220628391,9.164259029023537,Torquay
Sunbury,North Western Melbourne,True,520.0,2025Q3,646.0345681271355,2030Q3,4.436060860551105,24.237416947526057,126.03456812713546,579.6951430172836,804.9839673785591,2.197262699302849,9.133171771171167,Sunbury
Geelong-Newcombe,Geelong,False,470.00000000000006,2025Q3,583.8874037116948,2030Q3,4.435042945267664,24.23136249184994,113.88740371169473,523.9296915363069,727.5462056230241,2.196266605091979,9.132108074182188,"Geelong, Newcomb"
Ocean Grove-Barwon Heads,Other Regional Centres,False,570.0000000000002,2025Q3,707.1237149280032,2030Q3,4.4056759273406465,24.056792092632094,137.12371492800298,634.5112216587036,881.1033984147266,2.1675291285819354,9.101420246764857,"Ocean Grove, Barwon Heads"
Heidelberg-Heidelberg West,North Eastern Melbourne,True,565.0000000000002,2025Q3,697.1504819916487,2030Q3,4.293109664285,23.389465839229807,132.15048199164846,625.5621112261997,868.676365849006,2.057375951012963,8.983791209242131,"Heidelberg, Heidelberg West"
Rowville,Outer Eastern Melbourne,True,649.9999999999999,2025Q3,801.4927172005207,2030Q3,4.279092919575822,23.3065718770032,151.49271720052081,719.1897434711768,998.6908118361364,2.0436596835720966,8.969144048142642,Rowville
Bairnsdale,Other Regional Centres,False,460.0000000000001,2025Q3,567.15843118686,2030Q3,4.277188230125772,23.29531112757821,107.15843118685984,508.918568914138,706.7012611918798,2.0417958249921986,8.967153693477691,Bairnsdale
Newtown,Geelong,False,499.99999999999983,2025Q3,615.1675807797063,2030Q3,4.232867876266644,23.033516155941314,115.1675807797065,551.9977975071912,766.5225116580233,1.9984255675452367,8.920839989659179,Newtown
Hampton-Beaumaris,Southern Melbourne,True,749.9999999999999,2025Q3,913.7102698369198,2030Q3,4.027808272695377,21.828035978256,163.7102698369199,819.8839995280836,1138.5182068200281,1.797761831260014,8.706557635887213,"Hampton, Beaumaris"
Springvale,South Eastern Melbourne,True,570.0000000000002,2025Q3,693.7625693601341,2030Q3,4.0081093271436385,21.71273146669015,123.76256936013385,622.5220935640651,864.4548961540409,1.7784851724425454,8.685972711571853,Springvale
Toorak,Inner Melbourne,True,687.9999999999999,2025Q3,835.9555794400657,2030Q3,3.972611532328174,21.505171430242132,147.95557944006578,750.1137138597187,1041.632866242349,1.7437483446446578,8.648878369759515,Toorak
Pakenham,South Eastern Melbourne,True,540.0000000000002,2025Q3,656.0369709425219,2030Q3,3.9697287620216626,21.48832795231881,116.03697094252163,588.6704279581365,817.4473467376396,1.7409273723493879,8.645865944123754,Pakenham
Reservoir,North Eastern Melbourne,True,530.0,2025Q3,642.8114352642975,2030Q3,3.93493406640828,21.285176464961797,112.81143526429753,576.8029843649948,800.9678196252938,1.7068785714003276,8.609506324067095,Reservoir
Ballarat,Ballarat,False,399.9999999999999,2025Q3,484.7305019624339,2030Q3,3.917351974680372,21.182625490608498,84.730501962434,434.9549258247348,603.9928849478091,1.6896733873641434,8.591133461084443,Ballarat Central
Belmont-Grovedale,Geelong,False,499.99999999999983,2025Q3,605.8899917873658,2030Q3,3.9165583844031238,21.177998357473204,105.889991787366,543.6728973499723,754.9622782537758,1.688896809299334,8.590304178331643,"Belmont, Grovedale"
Bentleigh,Southern Melbourne,True,699.9999999999998,2025Q3,842.7125692056471,2030Q3,3.780626070593218,20.38750988652105,142.71256920564736,756.1768478494067,1050.0523358766175,1.555878479526207,8.448258179755763,Bentleigh
Cheltenham,Southern Melbourne,True,635.0,2025Q3,764.1515983318628,2030Q3,3.7722325230832965,20.33883438297053,129.15159833186283,685.6830763190685,952.162338753979,1.5476648646810975,8.439487124484035,Cheltenham
Williamstown,Outer Western Melbourne,True,669.9999999999999,2025Q3,804.7808726387955,2030Q3,3.733867184530437,20.11654815504411,134.78087263879559,722.1402477183098,1002.7879802240963,1.5101219647447373,8.399396268434423,Williamstown
Vermont-Forest Hill-Burwood East,Inner Eastern Melbourne,True,649.9999999999999,2025Q3,779.5549313463393,2030Q3,3.7018904031973277,19.93152789943684,129.55493134633946,699.5046855259192,971.3554852705696,1.478830670384812,8.365981301026038,"Vermont, Forest Hill, Burwood East"
Canterbury-Surrey Hills-Mont Albert,Inner Eastern Melbourne,True,677.9999999999999,2025Q3,812.9307714147362,2030Q3,3.696661323017758,19.901293718987656,134.93077141473634,729.4532569125261,1012.9430681622069,1.4737136861134426,8.360517038004822,"Canterbury, Surrey Hills, Mont Albert"
Wantirna-Scoresby,Outer Eastern Melbourne,True,620.0000000000002,2025Q3,741.8372745762666,2030Q3,3.653361840848879,19.651173318752633,121.8372745762664,665.6601460626666,924.3578314530407,1.4313424159075883,8.315270120549268,"Wantirna, Scoresby"
Ferntree Gully,Outer Eastern Melbourne,True,600.0,2025Q3,717.4775973339595,2030Q3,3.640958056177279,19.57959955565991,117.47759733395947,643.8018937654689,894.0047348882224,1.419204531444107,8.302308463895214,Ferntree Gully
Sale-Maffra,Other Regional Centres,False,450.00000000000006,2025Q3,538.0713660714086,2030Q3,3.6395392333656185,19.57141468253525,88.07136607140859,482.81837055952565,670.4576571632072,1.4178161239686293,8.300825828181635,"Sale, Maffra"
Eltham-Research-Montmorency,North Eastern Melbourne,True,639.9999999999999,2025Q3,763.4471907588198,2030Q3,3.5904704694152967,19.28862355606562,123.44719075881994,685.0510023265243,951.2846197730219,1.3697992482033072,8.249550150023488,"Eltham, Research, Montmorency"
Aspendale-Chelsea-Carrum,Southern Melbourne,True,620.0000000000002,2025Q3,739.0726147813203,2030Q3,3.5759878838527603,19.205260448600004,119.07261478132011,663.179381202248,920.9129588100185,1.3556271261498498,8.234416196436367,"Aspendale, Chelsea, Carrum"
Noble Park,South Eastern Melbourne,True,520.0,2025Q3,616.1376661881394,2030Q3,3.451045264981789,18.488012728488346,96.1376661881394,552.8682676450521,767.7312754599981,1.2333629049806172,8.103854164754654,Noble Park
Bulleen-Templestowe-Doncaster,Inner Eastern Melbourne,True,669.9999999999999,2025Q3,793.8242838205134,2030Q3,3.4498619634736993,18.481236391121424,123.82428382051353,712.3087593810701,989.1356483350377,1.2322049699333038,8.10261764313871,"Bulleen, Templestowe, Doncaster"
Mount Waverley,Inner Eastern Melbourne,True,694.9999999999999,2025Q3,820.9685772312243,2030Q3,3.3875743197406383,18.124975141183384,125.96857723122446,736.6656836497549,1022.9584839532421,1.1712525878053714,8.037528553539497,Mount Waverley
Flemington-Kensington,Inner Melbourne,True,570.0000000000002,2025Q3,672.5845562542653,2030Q3,3.3652137488006995,17.997290570923695,102.58455625426507,603.5187894965768,838.0662757113613,1.149371360922391,8.014162294709148,"Flemington, Kensington"
Doncaster East-Donvale,Inner Eastern Melbourne,True,699.9999999999998,2025Q3,825.3454182359293,2030Q3,3.3493003587923065,17.9064883194185,125.34541823592951,740.5930794848445,1028.4121965103993,1.133799106609823,7.997533184888872,"Doncaster East, Donvale"
Wendouree-Alfredton,Ballarat,False,439.99999999999983,2025Q3,517.5587378216119,2030Q3,3.3002550301575395,17.626985868548207,77.55873782161206,464.4121248977823,644.8981318923653,1.085805163776632,7.946281996071813,"Wendouree, Alfredton"
Ringwood,Outer Eastern Melbourne,True,559.9999999999999,2025Q3,657.4804086336682,2030Q3,3.2616256516396325,17.40721582744076,97.48040863366828,589.965643199066,819.2459257249084,1.0480038841058414,7.905915224609261,Ringwood
Dandenong North-Endeavour Hills,South Eastern Melbourne,True,530.0,2025Q3,621.8635716070263,2030Q3,3.2485234244042704,17.33274935981628,91.8635716070263,558.0061963635226,774.8659742645718,1.0351825296073702,7.892223712274538,"Dandenong North, Endeavour Hills"
Fitzroy North-Clifton Hill,Inner Melbourne,True,725.0,2025Q3,848.9546282961799,2030Q3,3.207033389518954,17.097190109817916,123.95462829617986,761.7779279087893,1057.830182046483,0.9945819175233961,7.848867623710665,"Fitzroy North, Clifton Hill"
Bayswater,Outer Eastern Melbourne,True,549.9999999999998,2025Q3,643.9630899368474,2030Q3,3.204743122703846,17.08419817033593,93.96308993684761,577.8363789433155,802.4028257272844,0.9923407472089751,7.846474349972898,Bayswater
Carnegie,Southern Melbourne,True,570.0000000000002,2025Q3,667.3263624238967,2030Q3,3.2030863269551624,17.074800425244984,97.32636242389651,598.8005444135857,831.5143635697458,0.990719468227641,7.844743038263702,Carnegie
Newport-Spotswood,Outer Western Melbourne,True,620.0000000000002,2025Q3,725.7835292881583,2030Q3,3.2008047155194674,17.06185956260613,105.78352928815809,651.2549135412366,904.3542461793141,0.9884867677470766,7.8423588091892205,"Newport, Spotswood"
Hawthorn,Inner Eastern Melbourne,True,549.9999999999998,2025Q3,643.6000130443238,2030Q3,3.1931027937363243,17.018184189877104,93.60001304432399,577.5105853689129,801.9504179277227,0.9809499522326348,7.834310486167451,Hawthorn
South Yarra,Inner Melbourne,True,620.0000000000002,2025Q3,724.593178292382,2030Q3,3.1669307445620243,16.8698674665132,104.59317829238182,650.18679625343,902.8710229673877,0.9553389538590418,7.806961324253381,South Yarra
Mount Clear-Buninyong,Ballarat,False,419.99999999999994,2025Q3,490.80517561747297,2030Q3,3.1649016946569963,16.85837514701738,70.80517561747303,440.40580877585916,611.5621624147094,0.9533534007419853,7.804841015904018,"Mount Clear, Buninyong"
Berwick,South Eastern Melbourne,True,600.0,2025Q3,700.2278085175042,2030Q3,3.1377423818742534,16.704634752917368,100.22780851750417,628.3234359734005,872.5108332876198,0.926776302751886,7.776460187264145,Berwick
Nunawading-Mitcham,Inner Eastern Melbourne,True,580.0,2025Q3,676.3112869332068,2030Q3,3.1201956585732438,16.60539429882877,96.31128693320682,606.8628329588003,842.7099257500623,0.9096057289488257,7.75812428343694,"Nunawading, Mitcham"
West Footscray,Outer Western Melbourne,True,549.9999999999998,2025Q3,641.0647608715807,2030Q3,3.1116752806099823,16.557229249378345,91.06476087158092,575.2356709241275,798.7913960223838,0.9012680025176412,7.749220693391923,West Footscray
Glen Waverley-Mulgrave,Inner Eastern Melbourne,True,694.9999999999999,2025Q3,810.0010720879231,2030Q3,3.1098506547046156,16.546916847183212,115.00107208792326,726.8243999534038,1009.2925499025398,0.8994824911584098,7.747314003205519,"Glen Waverley, Mulgrave"
Coburg-Pascoe Vale South,North Western Melbourne,True,600.0,2025Q3,697.3873771985947,2030Q3,3.0539318924923675,16.2312295330991,97.38737719859466,625.7746803481102,868.9715464058191,0.8447624606963577,7.688880241615359,"Coburg, Pascoe Vale South"
Balwyn,Inner Eastern Melbourne,True,739.9999999999998,2025Q3,859.9966309697018,2030Q3,3.051188767392321,16.21576094185162,119.99663096970198,771.6860591990097,1071.5889428906662,0.8420781400301447,7.686013741861664,Balwyn
Mill Park-Epping,North Eastern Melbourne,True,530.0,2025Q3,615.3709152595683,2030Q3,3.0320211358189297,16.10771986029591,85.37091525956828,552.1802521562134,766.7758742555986,0.8233214054014226,7.665984027874861,"Mill Park, Epping"
Narre Warren-Hampton Park,South Eastern Melbourne,True,559.9999999999999,2025Q3,649.6951644488892,2030Q3,3.0159143209716577,16.016993651587374,89.69516444888927,582.979843268571,809.5452114596603,0.8075598727025568,7.649152793750091,"Narre Warren, Hampton Park"
Elwood,Inner Melbourne,True,595.0000000000002,2025Q3,688.9389294637997,2030Q3,2.9752255852558473,15.788055372067134,93.93892946379947,618.1937793259033,858.4444549601377,0.767743382319952,7.6066340435460456,Elwood
Yarraville-Seddon,Outer Western Melbourne,True,620.0000000000002,2025Q3,717.8580251290716,2030Q3,2.974424643156337,15.783552440172798,97.8580251290714,644.1432565283542,894.4787625810411,0.766959610034057,7.605797078315768,"Yarraville, Seddon"
Boronia,Outer Eastern Melbourne,True,559.9999999999999,2025Q3,647.7193050346373,2030Q3,2.9531793531734074,15.664161613328108,87.71930503463739,581.2068791545186,807.0832144880776,0.7461697558053704,7.583596261261483,Boronia
Gladstone Park-Tullamarine,North Western Melbourne,True,530.0,2025Q3,612.8894853788681,2030Q3,2.9487932445723786,15.639525543182664,82.88948537886813,549.9536331476518,763.683917000233,0.7418776723120635,7.579012883265257,"Gladstone Park, Tullamarine"
St Albans-Deer Park,Outer Western Melbourne,True,470.00000000000006,2025Q3,543.2954192732304,2030Q3,2.9408232419057656,15.594770058134122,73.29541927323038,487.50598081657307,676.9670287660152,0.7340785227700097,7.57068442216795,"St Albans, Deer Park"
Prahran-Windsor,Inner Melbourne,True,589.9999999999998,2025Q3,680.9811032880648,2030Q3,2.9097705333805512,15.420525981027966,90.98110328806501,611.0531193509692,848.5286968835646,0.7036914918486348,7.538235088618617,"Prahran, Windsor"
Box Hill,Inner Eastern Melbourne,True,610.0000000000002,2025Q3,703.1539859143132,2030Q3,2.8831189425644554,15.271145231854577,93.15398591431301,630.9491326593453,876.1569630867814,0.6776112317780747,7.510384817222504,Box Hill
Broadmeadows-Roxburgh Park,North Western Melbourne,True,515.0000000000001,2025Q3,592.6317190209111,2030Q3,2.8479246656622825,15.07412019823513,77.63171902091096,531.7760783456994,738.4419594679434,0.6431714153732226,7.473607644329561,"Broadmeadows, Roxburgh Park"
Sunshine,Outer Western Melbourne,True,480.0,2025Q3,552.2595897931308,2030Q3,2.8443424314620103,15.054081206902236,72.25958979313077,495.54964653964674,688.1367306757545,0.6396659736072507,7.46986429574783,Sunshine
Collingwood-Abbotsford,Inner Melbourne,True,649.9999999999999,2025Q3,747.0789723924382,2030Q3,2.823085322017649,14.935226521913592,97.07897239243835,670.3635890595451,930.8891889252789,0.6188645532912096,7.447651127640631,"Collingwood, Abbotsford"
Bundoora-Greensborough-Hurstbridge,North Eastern Melbourne,True,559.9999999999999,2025Q3,641.7417870922917,2030Q3,2.7624520266680053,14.596747695052104,81.74178709229182,575.8431752763779,799.6349967831716,0.5595310552435562,7.384290792312775,"Bundoora, Greensborough, Hurstbridge"
Preston,North Eastern Melbourne,True,559.9999999999999,2025Q3,641.4160453977286,2030Q3,2.752017669911311,14.538579535308704,81.41604539772868,575.5508830562203,799.2291100790123,0.5493203800249091,7.373387140462384,Preston
Murrumbeena-Hughesdale,Southern Melbourne,True,580.0,2025Q3,664.1171650570382,2030Q3,2.745625960414566,14.502959492592794,84.11716505703816,595.9208902614171,827.515579981487,0.5430656897469133,7.366707957767504,"Murrumbeena, Hughesdale"
Cranbourne,South Eastern Melbourne,True,580.0,2025Q3,661.7934466418579,2030Q3,2.6736245810973447,14.102318386527223,81.79344664185794,593.8357877831938,824.6201372897048,0.47260780560076654,7.291468248111288,Cranbourne
Footscray,Outer Western Melbourne,True,524.9999999999999,2025Q3,598.5298729245902,2030Q3,2.656228719288767,14.005690080874356,73.52987292459034,537.0685678492307,745.7912865223103,0.45558485926897596,7.273289990915255,Footscray
Sebastopol-Delacombe,Ballarat,False,429.9999999999999,2025Q3,489.71482714048636,2030Q3,2.6348754353625603,13.887169102438722,59.71482714048648,439.4274250368314,610.2035461948772,0.43468932616559375,7.250976322787661,"Sebastopol, Delacombe"
CBD-St Kilda Rd,Inner Melbourne,True,659.9999999999999,2025Q3,749.8141247193686,2030Q3,2.5845449531560316,13.608200715055862,89.81412471936869,672.8178764886691,934.2972941260579,0.38543777962638526,7.198382179397789,Melbourne
Moonee Ponds-Ascot Vale,North Western Melbourne,True,575.0000000000001,2025Q3,652.7306742512764,2030Q3,2.568318440695161,13.518378130656728,77.73067425127624,585.7036453309382,813.3275736493896,0.3695591152743205,7.181425864145696,"Moonee Ponds, Ascot Vale"
Brighton East,Southern Melbourne,True,834.9999999999997,2025Q3,945.0200923027327,2030Q3,2.506383922594879,13.17605895841114,110.02009230273302,847.9787066964363,1177.5314521630983,0.30895228881711034,7.116705782339583,Brighton East
East Hawthorn,Inner Eastern Melbourne,True,595.0000000000002,2025Q3,672.8504161253647,2030Q3,2.4897212443204975,13.08410355048142,77.85041612536452,603.7573489848814,838.3975473558877,0.29264680874778737,7.099293684302732,Hawthorn East
Oak Park-Glenroy-Fawkner,North Western Melbourne,True,530.0,2025Q3,598.8954570094063,2030Q3,2.474316394139242,12.99914283196346,68.8954570094063,537.3966111595859,746.2468183800851,0.27757219268276234,7.083195986370749,"Oak Park, Glenroy, Fawkner"
Ivanhoe-Ivanhoe East,North Eastern Melbourne,True,600.0,2025Q3,677.4905300836109,2030Q3,2.459066738914606,12.915088347268489,77.4905300836109,607.9209830338147,844.1793081586047,0.2626494446566152,7.067260463435798,"Ivanhoe, Ivanhoe East"
St Kilda,Inner Melbourne,True,559.9999999999999,2025Q3,631.4309771959755,2030Q3,2.430094031133345,12.755531642138518,71.43097719597563,566.5911526875607,786.7873303165231,0.23429782545691946,7.036984680637048,St Kilda
Caulfield,Southern Melbourne,True,649.9999999999999,2025Q3,732.437899183314,2030Q3,2.4168679399062754,12.682753720509865,82.43789918331413,657.2259653987946,912.6458475004879,0.22135526224189572,7.023163733410098,Caulfield
Armadale,Inner Melbourne,True,624.9999999999998,2025Q3,704.2576078236507,2030Q3,2.416588640425843,12.68121725178415,79.25760782365091,631.9394268202677,877.5321185148258,0.22108195011063536,7.022871872170566,Armadale
East Melbourne,Inner Melbourne,True,649.9999999999999,2025Q3,732.3749373692266,2030Q3,2.415107087950785,12.673067287573335,82.3749373692267,657.1694689516651,912.5673946538478,0.21963215770894884,7.021323685467462,East Melbourne
Clayton,Inner Eastern Melbourne,True,600.0,2025Q3,675.2314612569169,2030Q3,2.390646174073008,12.538576876152806,75.23146125691687,605.8938914644382,841.3644213454032,0.19569561298644622,6.995762618783163,Clayton
Carlton-Parkville,Inner Melbourne,True,620.0000000000002,2025Q3,697.7002560613056,2030Q3,2.3895038585913575,12.532299364726661,77.70025606130537,626.0554305834918,869.3614055258104,0.19457778534721637,6.994568926579059,"Carlton, Parkville"
Brighton,Southern Melbourne,True,824.9999999999999,2025Q3,924.9042333309999,2030Q3,2.312468663069711,12.109604040121225,99.904233331,829.9284872208134,1152.4663167025662,0.11919399502664518,6.914069000059286,Brighton
Whittlesea,North Eastern Melbourne,True,540.0000000000002,2025Q3,603.8115855270112,2030Q3,2.2589988161240138,11.81696028277981,63.81158552701095,541.8079166294558,752.3725039602191,0.0668703823800687,6.858194296022968,Whittlesea
Thomastown-Lalor,North Eastern Melbourne,True,499.99999999999983,2025Q3,558.0409682911713,2030Q3,2.220785959935556,11.608193658234311,58.04096829117151,500.7373519668881,695.3405510746561,0.029476696040275918,6.818262780376738,"Thomastown, Lalor"
Elsternwick,Southern Melbourne,True,600.0,2025Q3,669.0340873681806,2030Q3,2.2020010429409265,11.505681228030106,69.03408736818062,600.3329080124574,833.6422546589582,0.011094471729378164,6.79863299391994,Elsternwick
Kew,Inner Eastern Melbourne,True,689.9999999999998,2025Q3,768.5806477262611,2030Q3,2.180511147477837,11.388499670472662,78.5806477262613,689.6573194150061,957.6811049765887,-0.009934744366335568,6.776176570021963,Kew
Chadstone-Oakleigh,Inner Eastern Melbourne,True,620.0000000000002,2025Q3,690.4253805401718,2030Q3,2.175085946035815,11.358932345188965,70.42538054017155,619.527591031682,860.2966302829552,-0.015243645644280601,6.77050736499849,"Chadstone, Oakleigh"
Dandenong,South Eastern Melbourne,True,520.0,2025Q3,578.4646341816413,2030Q3,2.15383934228095,11.243198881084847,58.46463418164126,519.0637705572061,720.7892258175364,-0.036034785481542375,6.748305175084113,Dandenong
Melton,Outer Western Melbourne,True,450.00000000000006,2025Q3,500.4423471934216,2030Q3,2.1476330598327653,11.209410487427007,50.44234719342154,449.05336701906174,623.5704495749536,-0.04210802371473754,6.741819759195233,Melton
Mentone-Parkdale-Mordialloc,Southern Melbourne,True,580.0,2025Q3,644.7858545431559,2030Q3,2.140387591618942,11.169974921233772,64.78585454315589,578.5746562270006,803.4280221326794,-0.04919817066519894,6.734248419175071,"Mentone, Parkdale, Mordialloc"
Burwood-Ashburton,Inner Eastern Melbourne,True,649.9999999999999,2025Q3,722.4280842484126,2030Q3,2.1353902932157443,11.142782192063482,72.42808424841269,648.2440294675856,900.1732323548594,-0.05408834187129452,6.729026362535495,"Burwood, Ashburton"
Malvern,Southern Melbourne,True,630.0000000000001,2025Q3,699.893670389359,2030Q3,2.1264658865403963,11.094233395136332,69.89367038935893,628.0236095251903,872.0944843036536,-0.06282143584209754,6.719700572203768,Malvern
Blackburn,Inner Eastern Melbourne,True,600.0,2025Q3,666.2755917701398,2030Q3,2.1175838543254777,11.04593196168997,66.27559177013984,597.8576743653562,830.2050628428228,-0.07151306373471833,6.71041906216403,Blackburn
Essendon,North Western Melbourne,True,549.9999999999998,2025Q3,610.609257098022,2030Q3,2.1127891670444043,11.019864926913137,60.609257098022226,547.9075549273962,760.8426646917604,-0.07620496719782377,6.705408729274009,Essendon
Camberwell-Glen Iris,Inner Eastern Melbourne,True,649.9999999999999,2025Q3,720.7080120076531,2030Q3,2.0867078546604967,10.878155693485114,70.70801200765322,646.7005864804746,898.0299560584247,-0.10172717390761754,6.678154385123558,"Camberwell, Glen Iris"
Pascoe Vale-Coburg North,North Western Melbourne,True,549.9999999999998,2025Q3,608.5345373752189,2030Q3,2.0433031776515342,10.642643159130749,58.53453737521909,546.0458821845307,758.2574839660566,-0.1442013838894307,6.632797541590207,"Pascoe Vale, Coburg North"
Altona,Outer Western Melbourne,True,549.9999999999998,2025Q3,608.4476224999436,2030Q3,2.040388112963165,10.626840454535236,58.447622499943805,545.9678923469295,758.1491846821249,-0.14705395827120382,6.629751369102088,Altona
East St Kilda,Inner Melbourne,True,549.9999999999998,2025Q3,607.4703458792775,2030Q3,2.007587979576364,10.449153796232324,57.470345879277716,545.0909694416632,756.9314603525883,-0.17915095446850993,6.5954760186003325,St Kilda East
Brunswick,North Western Melbourne,True,600.0,2025Q3,662.6852068478121,2030Q3,2.0072888662679977,10.447534474635356,62.68520684781208,594.6359757075434,825.7313048710624,-0.17944365567822418,6.595163452387154,Brunswick
Craigieburn,North Western Melbourne,True,520.0,2025Q3,573.9452545741588,2030Q3,1.9937183889627175,10.374087418107457,53.94525457415875,515.0084729970399,715.157904668472,-0.19272322235944772,6.580982629991428,Craigieburn
Fitzroy,Inner Melbourne,True,699.9999999999998,2025Q3,770.5125741984049,2030Q3,1.93805387174677,10.073224885486454,70.5125741984051,691.3908619339691,960.0883598093114,-0.24719445808084606,6.522814548307476,Fitzroy
Northcote,North Eastern Melbourne,True,639.9999999999999,2025Q3,704.228106324957,2030Q3,1.9310917990318144,10.03564161327455,64.22810632495714,631.9129547453228,877.4953585105881,-0.25400728468802924,6.515539349767585,Northcote
Malvern East,Southern Melbourne,True,610.0000000000002,2025Q3,670.3887365233398,2030Q3,1.9059107693980781,9.899792872678614,60.38873652333962,601.5484521558843,835.3301997088453,-0.2786485080290113,6.489225779438068,Malvern East
West Brunswick,North Western Melbourne,True,480.0,2025Q3,527.4855841298858,2030Q3,1.9046194601273214,9.89283002705954,47.48558412988575,473.31961201115445,657.2673649319493,-0.2799121354742029,6.487876392307834,Brunswick West
Richmond-Burnley,Inner Melbourne,True,675.0000000000002,2025Q3,740.8051821985174,2030Q3,1.8779148887654085,9.74891588126181,65.80518219851717,664.7340362721939,923.0718045778066,-0.30604424034543776,6.459970757515587,"Richmond, Burnley"
East Brunswick,North Western Melbourne,True,600.0,2025Q3,658.4631255179969,2030Q3,1.8769751480080643,9.743854252999483,58.4631255179969,590.847447723022,820.4704288326138,-0.3069638358592308,6.458988751026218,Brunswick East
Keilor East-Avondale Heights,Outer Western Melbourne,True,549.9999999999998,2025Q3,602.8663885000217,2030Q3,1.8524960192684459,9.61207063636762,52.86638850002191,540.959779156985,751.1947520406179,-0.33091820497119784,6.433408650249373,"Keilor East, Avondale Heights"
Thornbury,North Eastern Melbourne,True,524.9999999999999,2025Q3,573.6474084734298,2030Q3,1.7881325096579692,9.26617304255808,48.64740847342989,514.7412118527025,714.7867769492105,-0.3939019525935339,6.36615033073562,Thornbury
Docklands,Inner Melbourne,True,699.9999999999998,2025Q3,761.4301145327273,2030Q3,1.6965925847079122,8.775730647532498,61.43011453272754,683.2410538360725,948.7712650655608,-0.48347953413490075,6.270493310821457,Docklands
North Melbourne-West Melbourne,Inner Melbourne,True,600.0,2025Q3,651.8922004054401,2030Q3,1.6728287985673829,8.648700067573344,51.89220040544012,584.9512719441899,812.2828029261741,-0.5067338954629852,6.245660725855706,"North Melbourne, West Melbourne"
Albert Park-Middle Park-West St Kilda,Inner Melbourne,True,698.0,2025Q3,757.3559006827189,2030Q3,1.6456782585839713,8.503710699529933,59.355900682718925,679.585209246656,943.6946376051505,-0.5333024087164517,6.217289064580145,"Albert Park, Middle Park, St Kilda West"
Southbank,Inner Melbourne,True,679.9999999999998,2025Q3,736.648940062967,2030Q3,1.6132474378405925,8.330726479848117,56.6489400629672,661.0045866451142,917.8929667125813,-0.5650380092336982,6.183399636908282,Southbank
Sydenham,Outer Western Melbourne,True,499.99999999999983,2025Q3,539.1271575450902,2030Q3,1.518277654433775,7.825431509018066,39.12715754509037,483.76574585417364,671.7732140252377,-0.6579719232797432,6.084158497399517,Sydenham
South Melbourne,Inner Melbourne,True,649.9999999999999,2025Q3,695.3796216014546,2030Q3,1.3588607516249906,6.981480246377636,45.37962160145469,623.9730953781263,866.4698055612112,-0.8139714023946532,5.917571668155852,South Melbourne
Werribee-Hoppers Crossing,Outer Western Melbourne,True,489.99999999999983,2025Q3,520.7953537171486,2030Q3,1.2264960895324029,6.284766064724234,30.79535371714877,467.316382049059,648.9310800239534,-0.9434985602797319,5.779253779817717,"Werribee, Hoppers Crossing"
