suburb_key,postcode,SA2_CODE21,SA2_NAME21,n,total,n_sa2,share
ABBOTSFORD_3067,3067,206071139,Abbotsford,35,35,1,1.0
ABERFELDIE_3040,3040,206031501,Essendon (West) - Aberfeldie,5,5,1,1.0
AIRPORT_WEST_3042,3042,210011226,Airport West,26,26,1,1.0
ALBANVALE_3021,3021,213011333,Kings Park (Vic.),5,5,1,1.0
ALBERT_PARK_3206,3206,206051128,Albert Park,6,6,1,1.0
ALBION_3020,3020,213011328,Ardeer - Albion,14,14,1,1.0
ALEXANDRA_3714,3714,204011054,Alexandra,5,5,1,1.0
ALFREDTON_3350,3350,201011001,Alfredton,12,12,1,1.0
ALLANSFORD_3277,3277,217041480,Warrnambool - South,1,1,1,1.0
ALPHINGTON_3078,3078,206071145,Clifton Hill - Alphington,24,29,2,0.8275862068965517
ALTONA_3018,3018,213021341,Altona,15,15,1,1.0
ALTONA_MEADOWS_3028,3028,213021342,Altona Meadows,37,37,1,1.0
ALTONA_NORTH_3025,3025,213021343,Altona North,34,35,2,0.9714285714285714
ARARAT_3377,3377,215011386,Ararat,10,10,1,1.0
ARDEER_3022,3022,213011328,Ardeer - Albion,6,6,1,1.0
ARMADALE_3143,3143,206061135,Armadale,36,36,1,1.0
ARTHURS_CREEK_3099,3099,209031212,Panton Hill - St Andrews,1,1,1,1.0
ARTHURS_SEAT_3936,3936,214021377,Dromana,2,2,1,1.0
ASCOT_VALE_3032,3032,206031113,Ascot Vale,36,36,1,1.0
ASHBURTON_3147,3147,207011146,Ashburton (Vic.),6,6,1,1.0
ASHWOOD_3147,3147,212051319,Ashwood - Chadstone,9,9,1,1.0
ASPENDALE_3195,3195,208031189,Edithvale - Aspendale,5,5,1,1.0
ASPENDALE_GARDENS_3195,3195,208031183,Aspendale Gardens - Waterways,2,2,1,1.0
ATTWOOD_3049,3049,210051245,Gladstone Park - Westmeadows,1,1,1,1.0
AVONDALE_HEIGHTS_3034,3034,210011533,Avondale Heights,21,21,1,1.0
AXEDALE_3551,3551,202021029,Heathcote,1,1,1,1.0
BACCHUS_MARSH_3340,3340,213041353,Bacchus Marsh,11,11,1,1.0
BADDAGINNIE_3670,3670,204021064,Benalla Surrounds,1,1,1,1.0
BAIRNSDALE_3875,3875,205021081,Bairnsdale,20,20,1,1.0
BALACLAVA_3183,3183,206051134,St Kilda East,20,20,1,1.0
BALLARAT_NORTH_3350,3350,201011482,Ballarat North - Invermay,10,10,1,1.0
BALNARRING_3926,3926,214021379,Hastings - Somers,4,4,1,1.0
BALWYN_3103,3103,207011147,Balwyn,23,23,1,1.0
BALWYN_NORTH_3104,3104,207011148,Balwyn North,26,27,2,0.9629629629629629
BANNOCKBURN_3331,3331,203011034,Bannockburn,4,4,1,1.0
BARANDUDA_3691,3691,204031491,Baranduda - Leneva,6,6,1,1.0
BARONGAROOK_3249,3249,217031473,Colac Surrounds,1,1,1,1.0
BARWON_HEADS_3227,3227,203031489,Barwon Heads - Armstrong Creek,7,7,1,1.0
BASS_3991,3991,205031093,Wonthaggi - Inverloch,1,1,1,1.0
BAXTER_3911,3911,214021385,Somerville,1,1,1,1.0
BAYSWATER_3153,3153,211011251,Bayswater,13,13,1,1.0
BAYSWATER_NORTH_3153,3153,211031263,Bayswater North,7,7,1,1.0
BEACONSFIELD_3807,3807,212011546,Beaconsfield - Officer,9,9,1,1.0
BEAUFORT_3373,3373,201031014,Beaufort,2,2,1,1.0
BEAUMARIS_3193,3193,208011168,Beaumaris,15,15,1,1.0
BEECHWORTH_3747,3747,204031068,Beechworth,6,6,1,1.0
BELGRAVE_3160,3160,211051274,Belgrave - Selby,1,1,1,1.0
BELLBRAE_3228,3228,203031053,Torquay,1,1,1,1.0
BELL_PARK_3215,3215,203021047,North Geelong - Bell Park,11,11,1,1.0
BELL_POST_HILL_3215,3215,203021047,North Geelong - Bell Park,12,12,1,1.0
BELMONT_3216,3216,203021037,Belmont,26,27,2,0.9629629629629629
BENALLA_3672,3672,204021063,Benalla,22,22,1,1.0
BENDIGO_3550,3550,202011018,Bendigo,52,55,2,0.9454545454545454
BENTLEIGH_3204,3204,208021174,Bentleigh - McKinnon,33,33,1,1.0
BENTLEIGH_EAST_3165,3165,208021427,Bentleigh East - South,26,48,2,0.5416666666666666
BERWICK_3806,3806,212021553,Berwick - South East,53,115,3,0.4608695652173913
BEVERIDGE_3753,3753,209041224,Wallan,52,52,1,1.0
BIRREGURRA_3242,3242,217031473,Colac Surrounds,1,1,1,1.0
BITTERN_3918,3918,214021379,Hastings - Somers,3,3,1,1.0
BLACKBURN_3130,3130,207031161,Blackburn,30,30,1,1.0
BLACKBURN_NORTH_3130,3130,207031161,Blackburn,16,16,1,1.0
BLACKBURN_SOUTH_3130,3130,207031162,Blackburn South,8,8,1,1.0
BLACKWOOD_3458,3458,201021009,Bacchus Marsh Surrounds,1,1,1,1.0
BLACK_HILL_3350,3350,201011482,Ballarat North - Invermay,3,3,1,1.0
BLACK_ROCK_3193,3193,208011173,Sandringham - Black Rock,11,11,1,1.0
BLAIRGOWRIE_3942,3942,214021383,Point Nepean,6,6,1,1.0
BOGONG_3699,3699,204031069,Bright - Mount Beauty,1,1,1,1.0
BOISDALE_3860,3860,205051101,Maffra,1,1,1,1.0
BONBEACH_3196,3196,208031186,Chelsea - Bonbeach,13,13,1,1.0
BONNIE_DOON_3720,3720,204011057,Mansfield (Vic.),3,3,1,1.0
BOOLARRA_3870,3870,205041094,Churchill,1,1,1,1.0
BOORHAMAN_NORTH_3685,3685,204021067,Wangaratta Surrounds,1,1,1,1.0
BOORT_3537,3537,202031033,Loddon,1,1,1,1.0
BORONIA_3155,3155,211011446,Boronia,25,25,1,1.0
BOTANIC_RIDGE_3977,3977,212031303,Cranbourne South,2,2,1,1.0
BOX_HILL_3128,3128,207031163,Box Hill,111,111,1,1.0
BOX_HILL_NORTH_3129,3129,207031164,Box Hill North,24,24,1,1.0
BOX_HILL_SOUTH_3128,3128,207031163,Box Hill,16,16,1,1.0
BRAYBROOK_3019,3019,213031347,Braybrook,25,25,1,1.0
BREAKWATER_3219,3219,203021039,Geelong,1,1,1,1.0
BRIAR_HILL_3088,3088,209011202,Montmorency - Briar Hill,5,5,1,1.0
BRIGHTON_3186,3186,208011169,Brighton (Vic.),53,55,2,0.9636363636363636
BRIGHTON_EAST_3187,3187,208011170,Brighton East,23,25,2,0.92
BRIGHT_3741,3741,204031069,Bright - Mount Beauty,1,1,1,1.0
BROADFORD_3658,3658,204011056,Kilmore - Broadford,1,1,1,1.0
BROADMEADOWS_3047,3047,210051242,Broadmeadows,27,27,1,1.0
BROOKFIELD_3338,3338,213041571,Brookfield,18,20,2,0.9
BROOKLYN_3012,3012,213021343,Altona North,4,4,1,1.0
BROWN_HILL_3350,3350,201011481,Ballarat East - Warrenheip,4,7,2,0.5714285714285714
BRUNSWICK_3056,3056,206011496,Brunswick - South,46,84,2,0.5476190476190477
BRUNSWICK_EAST_3057,3057,206011106,Brunswick East,53,57,2,0.9298245614035088
BRUNSWICK_WEST_3055,3055,206011107,Brunswick West,59,62,2,0.9516129032258065
BRUTHEN_3885,3885,205021082,Bruthen - Omeo,1,1,1,1.0
BUCHAN_3885,3885,205021085,Orbost,1,1,1,1.0
BUCKLEY_3240,3240,203011036,Winchelsea,1,1,1,1.0
BULLEEN_3105,3105,207021156,Bulleen,20,20,1,1.0
BUNDALONG_3730,3730,216021412,Moira,2,2,1,1.0
BUNDOORA_3083,3083,209041216,Bundoora - North,15,46,5,0.32608695652173914
BUNINYONG_3357,3357,201011005,Buninyong,2,2,1,1.0
BUNYIP_3815,3815,212011547,Bunyip - Garfield,1,1,1,1.0
BURNLEY_3121,3121,206071517,Richmond (South) - Cremorne,2,2,1,1.0
BURNSIDE_3023,3023,213041461,Burnside,3,3,1,1.0
BURRUMBEET_3352,3352,201031014,Beaufort,1,1,1,1.0
BURWOOD_3125,3125,207031165,Burwood (Vic.),42,49,2,0.8571428571428571
BURWOOD_EAST_3151,3151,207031166,Burwood East,21,21,1,1.0
BUSHFIELD_3281,3281,217041479,Warrnambool - North,1,1,1,1.0
CAIRNLEA_3023,3023,213011329,Cairnlea,5,5,1,1.0
CALIFORNIA_GULLY_3556,3556,202011019,California Gully - Eaglehawk,8,8,1,1.0
CAMBERWELL_3124,3124,207011149,Camberwell,36,43,4,0.8372093023255814
CAMBRIAN_HILL_3352,3352,201011007,Smythes Creek,1,1,1,1.0
CAMPBELLFIELD_3061,3061,210051243,Campbellfield - Coolaroo,6,6,1,1.0
CAMPERDOWN_3260,3260,217031471,Camperdown,3,3,1,1.0
CANADIAN_3350,3350,201011483,Canadian - Mount Clear,7,7,1,1.0
CANTERBURY_3126,3126,207011155,Surrey Hills (West) - Canterbury,12,12,1,1.0
CAPE_PATERSON_3995,3995,205031093,Wonthaggi - Inverloch,2,2,1,1.0
CAPE_WOOLAMAI_3925,3925,205031091,Phillip Island,4,4,1,1.0
CARDROSS_3496,3496,215021399,Red Cliffs,1,1,1,1.0
CARLTON_3053,3053,206041117,Carlton,134,135,2,0.9925925925925926
CARLTON_NORTH_3054,3054,206071140,Carlton North - Princes Hill,17,17,1,1.0
CARNEGIE_3163,3163,208021176,Carnegie,66,66,1,1.0
CAROLINE_SPRINGS_3023,3023,213041463,Caroline Springs,24,28,2,0.8571428571428571
CARRUM_3197,3197,208031185,Carrum - Patterson Lakes,9,9,1,1.0
CARRUM_DOWNS_3201,3201,214011370,Carrum Downs,30,30,1,1.0
CASTLEMAINE_3450,3450,202021027,Castlemaine,5,5,1,1.0
CAULFIELD_3162,3162,208021178,Caulfield - South,10,10,1,1.0
CAULFIELD_EAST_3145,3145,208021177,Caulfield - North,11,11,1,1.0
CAULFIELD_NORTH_3161,3161,208021177,Caulfield - North,59,59,1,1.0
CAULFIELD_SOUTH_3162,3162,208021178,Caulfield - South,11,11,1,1.0
CHADSTONE_3148,3148,212051319,Ashwood - Chadstone,23,23,1,1.0
CHELSEA_3196,3196,208031186,Chelsea - Bonbeach,15,15,1,1.0
CHELSEA_HEIGHTS_3196,3196,208031187,Chelsea Heights,3,3,1,1.0
CHELTENHAM_3192,3192,208031188,Highett (East) - Cheltenham,35,36,2,0.9722222222222222
CHEWTON_3451,3451,202021027,Castlemaine,1,1,1,1.0
CHIRNSIDE_PARK_3116,3116,211051275,Chirnside Park,7,7,1,1.0
CHURCHILL_3842,3842,205041094,Churchill,10,10,1,1.0
CLARINDA_3169,3169,212041309,Clarinda - Oakleigh South,8,8,1,1.0
CLARKEFIELD_3430,3430,210021235,Romsey,1,1,1,1.0
CLAYTON_3168,3168,212051567,Clayton (North) - Notting Hill,82,155,2,0.5290322580645161
CLAYTON_SOUTH_3169,3169,212041310,Clayton South,40,40,1,1.0
CLIFTON_HILL_3068,3068,206071145,Clifton Hill - Alphington,14,14,1,1.0
CLIFTON_SPRINGS_3222,3222,203031048,Clifton Springs,6,6,1,1.0
CLYDE_3978,3978,212031303,Cranbourne South,54,67,4,0.8059701492537313
COBDEN_3266,3266,217031475,Corangamite - South,3,3,1,1.0
COBRAM_3644,3644,216021411,Cobram,7,7,1,1.0
COBURG_3058,3058,206011497,Coburg - East,32,53,3,0.6037735849056604
COBURG_NORTH_3058,3058,210031236,Coburg North,8,8,1,1.0
COCKATOO_3781,3781,212011289,Emerald - Cockatoo,1,1,1,1.0
COLAC_3250,3250,217031472,Colac,8,8,1,1.0
COLDSTREAM_3770,3770,211051278,Lilydale - Coldstream,1,1,1,1.0
COLLINGWOOD_3066,3066,206071141,Collingwood,31,31,1,1.0
CONNEWARRE_3227,3227,203031489,Barwon Heads - Armstrong Creek,1,1,1,1.0
COOLAROO_3048,3048,210051243,Campbellfield - Coolaroo,7,7,1,1.0
CORINELLA_3984,3984,205031093,Wonthaggi - Inverloch,2,2,1,1.0
CORIO_3214,3214,203021486,Corio - Lovely Banks,35,35,1,1.0
CORONET_BAY_3984,3984,205031093,Wonthaggi - Inverloch,1,1,1,1.0
COWES_3922,3922,205031091,Phillip Island,21,21,1,1.0
CRAIGIEBURN_3064,3064,210051443,Craigieburn - South,35,145,6,0.2413793103448276
CRANBOURNE_3977,3977,212031300,Cranbourne,53,58,4,0.9137931034482759
CRANBOURNE_NORTH_3977,3977,212031560,Cranbourne North - West,26,40,2,0.65
CRANBOURNE_SOUTH_3977,3977,212031304,Cranbourne West,3,4,2,0.75
CREMORNE_3121,3121,206071517,Richmond (South) - Cremorne,5,5,1,1.0
CRESWICK_3363,3363,201021010,Creswick - Clunes,3,3,1,1.0
CROYDON_3136,3136,211031451,Croydon - West,15,24,2,0.625
CROYDON_HILLS_3136,3136,211031265,Croydon Hills - Warranwood,2,2,1,1.0
CROYDON_NORTH_3136,3136,211031265,Croydon Hills - Warranwood,4,4,1,1.0
CROYDON_SOUTH_3136,3136,211031452,Croydon South,6,6,1,1.0
CURLEWIS_3222,3222,203031048,Clifton Springs,7,7,1,1.0
DALLAS_3047,3047,210051243,Campbellfield - Coolaroo,8,8,1,1.0
DALYSTON_3992,3992,205031093,Wonthaggi - Inverloch,6,6,1,1.0
DANDENONG_3175,3175,212041563,Dandenong - North,64,72,3,0.8888888888888888
DANDENONG_SOUTH_3175,3175,212041564,Dandenong - South,2,2,1,1.0
DARRAWEIT_GUIM_3756,3756,210021235,Romsey,1,1,1,1.0
DAYLESFORD_3460,3460,201021011,Daylesford,10,10,1,1.0
DEER_PARK_3023,3023,213011569,Deer Park,26,26,1,1.0
DELACOMBE_3356,3356,201011006,Delacombe,7,7,1,1.0
DELAHEY_3037,3037,213011331,Delahey,10,10,1,1.0
DENNINGTON_3280,3280,217041479,Warrnambool - North,2,2,1,1.0
DEVON_MEADOWS_3977,3977,212031303,Cranbourne South,1,1,1,1.0
DIAMOND_CREEK_3089,3089,209031215,Wattle Glen - Diamond Creek,1,1,1,1.0
DIGGERS_REST_3427,3427,210041539,Diggers Rest,14,14,1,1.0
DINGLEY_VILLAGE_3172,3172,212041313,Dingley Village,5,5,1,1.0
DINNER_PLAIN_3898,3898,204031069,Bright - Mount Beauty,2,2,1,1.0
DOCKLANDS_3008,3008,206041118,Docklands,162,162,1,1.0
DONALD_3480,3480,215031400,Buloke,1,1,1,1.0
DONCASTER_3108,3108,207021157,Doncaster,56,59,3,0.9491525423728814
DONCASTER_EAST_3109,3109,207021425,Doncaster East - South,15,29,2,0.5172413793103449
DONNYBROOK_3064,3064,209041225,Whittlesea,84,85,2,0.9882352941176471
DONVALE_3111,3111,211021261,Donvale - Park Orchards,8,9,2,0.8888888888888888
DOREEN_3754,3754,209041528,Doreen - South,19,38,2,0.5
DOVETON_3177,3177,212021295,Doveton,20,20,1,1.0
DROMANA_3936,3936,214021377,Dromana,18,18,1,1.0
DROUIN_3818,3818,205011076,Drouin,26,26,1,1.0
DRYSDALE_3222,3222,203031048,Clifton Springs,6,6,1,1.0
EAGLEHAWK_3556,3556,202011019,California Gully - Eaglehawk,6,6,1,1.0
EAGLEMONT_3084,3084,209011201,Ivanhoe East - Eaglemont,10,10,1,1.0
EAGLE_POINT_3878,3878,205021086,Paynesville,2,2,1,1.0
EAST_GEELONG_3219,3219,203021039,Geelong,9,9,1,1.0
EAST_MELBOURNE_3002,3002,206041119,East Melbourne,30,30,1,1.0
ECHUCA_3564,3564,216011406,Echuca,14,14,1,1.0
EDENHOPE_3318,3318,215011393,West Wimmera,2,2,1,1.0
EDITHVALE_3196,3196,208031189,Edithvale - Aspendale,8,8,1,1.0
EILDON_3713,3713,204011054,Alexandra,2,2,1,1.0
ELSTERNWICK_3185,3185,208021179,Elsternwick,29,30,2,0.9666666666666667
ELTHAM_3095,3095,209031209,Eltham,9,9,1,1.0
ELWOOD_3184,3184,206051129,Elwood,57,62,3,0.9193548387096774
ENDEAVOUR_HILLS_3802,3802,212021453,Endeavour Hills - North,11,17,2,0.6470588235294118
EPPALOCK_3551,3551,202021026,Bendigo Surrounds - South,1,1,1,1.0
EPPING_3076,3076,209041433,Epping (Vic.) - West,28,58,3,0.4827586206896552
EPSOM_3551,3551,202011025,White Hills - Ascot,4,4,1,1.0
ESSENDON_3040,3040,206031502,Essendon - East,32,54,3,0.5925925925925926
ESSENDON_NORTH_3041,3041,206031501,Essendon (West) - Aberfeldie,20,20,1,1.0
ESSENDON_WEST_3040,3040,210011230,Niddrie - Essendon West,1,1,1,1.0
FAIRFIELD_3078,3078,206021110,Alphington - Fairfield,11,11,1,1.0
FALLS_CREEK_3699,3699,204031069,Bright - Mount Beauty,3,3,1,1.0
FAWKNER_3060,3060,210031237,Fawkner,24,24,1,1.0
FERNTREE_GULLY_3156,3156,211011447,Ferntree Gully - North,22,38,3,0.5789473684210527
FERNY_CREEK_3786,3786,211051282,Mount Dandenong - Olinda,1,1,1,1.0
FINGAL_3939,3939,214021383,Point Nepean,3,3,1,1.0
FITZROY_3065,3065,206071142,Fitzroy,28,28,1,1.0
FITZROY_NORTH_3068,3068,206071143,Fitzroy North,30,30,1,1.0
FLEMINGTON_3031,3031,206031115,Flemington,30,32,2,0.9375
FLINDERS_3929,3929,214021378,Flinders,2,2,1,1.0
FOOTSCRAY_3011,3011,213031348,Footscray,162,162,1,1.0
FOREST_HILL_3131,3131,211041269,Forest Hill,20,20,1,1.0
FORREST_3236,3236,217031476,Otway,1,1,1,1.0
FOSTER_3960,3960,205031087,Foster,2,2,1,1.0
FRANKSTON_3199,3199,214011371,Frankston,51,81,2,0.6296296296296297
FRANKSTON_NORTH_3200,3200,214011372,Frankston North,19,19,1,1.0
GARDENVALE_3185,3185,208021179,Elsternwick,2,2,1,1.0
GARFIELD_3814,3814,212011547,Bunyip - Garfield,1,1,1,1.0
GEELONG_3220,3220,203021039,Geelong,23,23,1,1.0
GEELONG_WEST_3218,3218,203021040,Geelong West - Hamlyn Heights,25,25,1,1.0
GEMBROOK_3783,3783,212011289,Emerald - Cockatoo,1,1,1,1.0
GISBORNE_3437,3437,210021232,Gisborne,7,7,1,1.0
GLADSTONE_PARK_3043,3043,210051245,Gladstone Park - Westmeadows,9,9,1,1.0
GLENGARRY_3854,3854,205041098,Yallourn North - Glengarry,1,1,1,1.0
GLENROY_3046,3046,210031535,Glenroy - East,38,58,2,0.6551724137931034
GLENTHOMPSON_3293,3293,217011423,Southern Grampians,1,1,1,1.0
GLEN_HUNTLY_3163,3163,208021182,Ormond - Glen Huntly,6,6,1,1.0
GLEN_IRIS_3146,3146,208041194,Malvern - Glen Iris,31,48,2,0.6458333333333334
GLEN_WAVERLEY_3150,3150,212051322,Glen Waverley - West,43,72,2,0.5972222222222222
GNARWARRE_3221,3221,203011036,Winchelsea,1,1,1,1.0
GOBUR_3719,3719,204011054,Alexandra,1,1,1,1.0
GOLDEN_POINT_3350,3350,201011483,Canadian - Mount Clear,6,7,2,0.8571428571428571
GOLDEN_SQUARE_3555,3555,202011022,Kangaroo Flat - Golden Square,15,15,1,1.0
GOORAMBAT_3725,3725,204021064,Benalla Surrounds,1,1,1,1.0
GOORNONG_3557,3557,202031032,Bendigo Surrounds - North,1,1,1,1.0
GORDON_3345,3345,201021012,Gordon (Vic.),1,1,1,1.0
GOWANBRAE_3043,3043,210031439,Gowanbrae,1,1,1,1.0
GRANTVILLE_3984,3984,205031093,Wonthaggi - Inverloch,1,1,1,1.0
GREENSBOROUGH_3088,3088,209011197,Greensborough,13,13,1,1.0
GREENVALE_3059,3059,210051246,Greenvale - Bulla,28,28,1,1.0
GROVEDALE_3216,3216,203021487,Grovedale - Mount Duneed,19,19,1,1.0
GRUYERE_3770,3770,211051285,Wandin - Seville,1,1,1,1.0
HADFIELD_3046,3046,210031440,Hadfield,12,15,3,0.8
HALLAM_3803,3803,212021297,Hallam,10,10,1,1.0
HALLS_GAP_3381,3381,215011392,Stawell,1,1,1,1.0
HAMILTON_3300,3300,217011421,Hamilton (Vic.),9,9,1,1.0
HAMLYN_HEIGHTS_3215,3215,203021040,Geelong West - Hamlyn Heights,6,6,1,1.0
HAMPTON_3188,3188,208011172,Hampton,25,25,1,1.0
HAMPTON_EAST_3188,3188,208011172,Hampton,15,15,1,1.0
HAMPTON_PARK_3976,3976,212031562,Hampton Park - West,29,50,2,0.58
HARRIETVILLE_3741,3741,204031069,Bright - Mount Beauty,1,1,1,1.0
HASTINGS_3915,3915,214021379,Hastings - Somers,11,11,1,1.0
HAWKESDALE_3287,3287,217041478,Moyne - West,1,1,1,1.0
HAWTHORN_3122,3122,207011520,Hawthorn - South,43,67,3,0.6417910447761194
HAWTHORN_EAST_3123,3123,207011152,Hawthorn East,49,49,1,1.0
HEALESVILLE_3777,3777,211051276,Healesville - Yarra Glen,1,1,1,1.0
HEATHCOTE_3523,3523,202021029,Heathcote,2,2,1,1.0
HEATHERTON_3202,3202,208031191,Moorabbin - Heatherton,5,5,1,1.0
HEATHMONT_3135,3135,211031267,Ringwood East,7,7,1,1.0
HEIDELBERG_3084,3084,209011198,Heidelberg - Rosanna,27,27,1,1.0
HEIDELBERG_HEIGHTS_3081,3081,209011199,Heidelberg West,33,33,1,1.0
HEIDELBERG_WEST_3081,3081,209011199,Heidelberg West,27,27,1,1.0
HEPBURN_SPRINGS_3461,3461,201021011,Daylesford,1,1,1,1.0
HERNE_HILL_3218,3218,203021040,Geelong West - Hamlyn Heights,9,9,1,1.0
HIDDEN_VALLEY_3756,3756,209041224,Wallan,1,1,1,1.0
HIGHETT_3190,3190,208031188,Highett (East) - Cheltenham,7,13,2,0.5384615384615384
HIGHTON_3216,3216,203021042,Highton,30,30,1,1.0
HILLSIDE_3037,3037,213041575,Hillside,15,16,2,0.9375
HODDLES_CREEK_3139,3139,211051286,Yarra Valley,1,1,1,1.0
HOPPERS_CROSSING_3029,3029,213051362,Hoppers Crossing - South,56,86,2,0.6511627906976745
HORSHAM_3400,3400,215011388,Horsham,24,24,1,1.0
HUGHESDALE_3166,3166,208021180,Hughesdale,13,13,1,1.0
HUNTINGDALE_3166,3166,212051326,Oakleigh - Huntingdale,3,3,1,1.0
HUNTLY_3551,3551,202011025,White Hills - Ascot,11,15,2,0.7333333333333333
HURSTBRIDGE_3099,3099,209031210,Hurstbridge,3,3,1,1.0
INDENTED_HEAD_3223,3223,203031051,Portarlington,1,1,1,1.0
INVERLOCH_3996,3996,205031093,Wonthaggi - Inverloch,3,3,1,1.0
INVERMAY_3352,3352,201011482,Ballarat North - Invermay,2,2,1,1.0
IRYMPLE_3498,3498,215021395,Irymple,9,9,1,1.0
IVANHOE_3079,3079,209011199,Heidelberg West,28,56,3,0.5
IVANHOE_EAST_3079,3079,209011201,Ivanhoe East - Eaglemont,7,7,1,1.0
JACANA_3047,3047,210051242,Broadmeadows,5,5,1,1.0
JAMIESON_3723,3723,204011057,Mansfield (Vic.),1,1,1,1.0
JAM_JERRUP_3984,3984,205031093,Wonthaggi - Inverloch,1,1,1,1.0
JAN_JUC_3228,3228,203031053,Torquay,4,4,1,1.0
JEPARIT_3423,3423,215011390,Nhill Region,2,2,1,1.0
KALKALLO_3064,3064,210051445,Mickleham - Yuroke,71,71,1,1.0
KALORAMA_3766,3766,211051282,Mount Dandenong - Olinda,1,1,1,1.0
KANGAROO_FLAT_3555,3555,202011022,Kangaroo Flat - Golden Square,23,23,1,1.0
KATANDRA_3634,3634,216031418,Shepparton Surrounds - East,1,1,1,1.0
KEALBA_3021,3021,213011332,Keilor Downs,3,3,1,1.0
KEILOR_3036,3036,210011228,Keilor,4,4,1,1.0
KEILOR_DOWNS_3038,3038,213011332,Keilor Downs,10,10,1,1.0
KEILOR_EAST_3033,3033,210011534,Keilor East,12,12,1,1.0
KENNINGTON_3550,3550,202011020,East Bendigo - Kennington,19,19,1,1.0
KENSINGTON_3031,3031,206041121,Kensington (Vic.),39,39,1,1.0
KERANG_3579,3579,215031402,Kerang,3,3,1,1.0
KERGUNYAH_3691,3691,204031075,Yackandandah,1,1,1,1.0
KEW_3101,3101,207011522,Kew - West,33,51,2,0.6470588235294118
KEW_EAST_3102,3102,207011154,Kew East,6,6,1,1.0
KEYSBOROUGH_3173,3173,212041566,Keysborough - South,15,26,3,0.5769230769230769
KIALLA_3631,3631,216031593,Kialla,5,5,1,1.0
KILCUNDA_3995,3995,205031093,Wonthaggi - Inverloch,1,1,1,1.0
KILMORE_3764,3764,204011056,Kilmore - Broadford,5,5,1,1.0
KILSYTH_3137,3137,211051277,Kilsyth,5,5,1,1.0
KINGLAKE_3763,3763,209031211,Kinglake,1,1,1,1.0
KINGSBURY_3083,3083,209021205,Kingsbury,13,13,1,1.0
KINGSVILLE_3012,3012,213031350,Seddon - Kingsville,12,12,1,1.0
KINGS_PARK_3021,3021,213011333,Kings Park (Vic.),5,5,1,1.0
KNOXFIELD_3180,3180,211011254,Knoxfield - Scoresby,10,10,1,1.0
KOOYONG_3144,3144,208041194,Malvern - Glen Iris,6,6,1,1.0
KOO_WEE_RUP_3981,3981,212011548,Koo Wee Rup,5,5,1,1.0
KOROIT_3282,3282,217041478,Moyne - West,1,1,1,1.0
KORUMBURRA_3950,3950,205031089,Korumburra,4,4,1,1.0
KURUNJANG_3337,3337,213041576,Kurunjang - Toolern Vale,23,23,1,1.0
KYABRAM_3620,3620,216011407,Kyabram,1,1,1,1.0
KYNETON_3444,3444,202021030,Kyneton,3,3,1,1.0
LABERTOUCHE_3816,3816,205011076,Drouin,1,1,1,1.0
LAKES_ENTRANCE_3909,3909,205021084,Lakes Entrance,6,6,1,1.0
LAKE_WENDOUREE_3350,3350,201011002,Ballarat,1,1,1,1.0
LALOR_3075,3075,209041529,Lalor - East,21,34,2,0.6176470588235294
LANCEFIELD_3435,3435,210021235,Romsey,3,3,1,1.0
LANGWARRIN_3910,3910,214011374,Langwarrin,11,11,1,1.0
LANG_LANG_3984,3984,212011548,Koo Wee Rup,3,3,1,1.0
LARA_3212,3212,203021043,Lara,46,46,1,1.0
LAVERTON_3028,3028,213051363,Laverton,25,25,1,1.0
LEMNOS_3631,3631,216031418,Shepparton Surrounds - East,2,2,1,1.0
LENEVA_3691,3691,204031491,Baranduda - Leneva,5,5,1,1.0
LEONGATHA_3953,3953,205031090,Leongatha,4,4,1,1.0
LEOPOLD_3224,3224,203021044,Leopold,18,18,1,1.0
LETHBRIDGE_3332,3332,203011035,Golden Plains - South,2,2,1,1.0
LILYDALE_3140,3140,211051278,Lilydale - Coldstream,14,14,1,1.0
LISMORE_3324,3324,217031474,Corangamite - North,1,1,1,1.0
LOCH_SPORT_3851,3851,205051100,Longford - Loch Sport,2,2,1,1.0
LONGWARRY_3816,3816,205011076,Drouin,2,2,1,1.0
LONG_GULLY_3550,3550,202011018,Bendigo,4,4,1,1.0
LORNE_3232,3232,203031049,Lorne - Anglesea,3,3,1,1.0
LUCKNOW_3875,3875,205021081,Bairnsdale,13,13,1,1.0
LYNBROOK_3975,3975,212031306,Lynbrook - Lyndhurst,12,12,1,1.0
LYNDHURST_3975,3975,212031306,Lynbrook - Lyndhurst,7,7,1,1.0
MACLEOD_3085,3085,209011203,Viewbank - Yallambie,7,11,3,0.6363636363636364
MAFFRA_3860,3860,205051101,Maffra,3,3,1,1.0
MAIDEN_GULLY_3551,3551,202011023,Maiden Gully,4,4,1,1.0
MAIDSTONE_3012,3012,213031347,Braybrook,25,25,1,1.0
MALDON_3463,3463,202021028,Castlemaine Surrounds,4,4,1,1.0
MALLACOOTA_3892,3892,205021085,Orbost,12,12,1,1.0
MALVERN_3144,3144,208041194,Malvern - Glen Iris,38,39,2,0.9743589743589743
MALVERN_EAST_3145,3145,208041195,Malvern East,56,56,1,1.0
MANDURANG_3551,3551,202021026,Bendigo Surrounds - South,1,1,1,1.0
MANIFOLD_HEIGHTS_3218,3218,203021040,Geelong West - Hamlyn Heights,6,6,1,1.0
MANSFIELD_3722,3722,204011057,Mansfield (Vic.),6,6,1,1.0
MARIBYRNONG_3032,3032,213031349,Maribyrnong,40,41,2,0.975609756097561
MARSHALL_3216,3216,203021485,Charlemont,5,5,1,1.0
MARYBOROUGH_3465,3465,201031016,Maryborough (Vic.),5,5,1,1.0
MCCRAE_3938,3938,214021384,Rosebud - McCrae,2,2,1,1.0
MCKINNON_3204,3204,208021174,Bentleigh - McKinnon,12,12,1,1.0
MEADOW_HEIGHTS_3048,3048,210051247,Meadow Heights,28,28,1,1.0
MELBOURNE_3000,3000,206041504,Melbourne CBD - North,129,300,6,0.43
MELTON_3337,3337,213041577,Melton,26,26,1,1.0
MELTON_SOUTH_3338,3338,213041578,Melton South - Weir Views,88,92,2,0.9565217391304348
MENTONE_3194,3194,208031190,Mentone,28,28,1,1.0
MERBEIN_3505,3505,215021396,Merbein,3,3,1,1.0
MERNDA_3754,3754,209041532,Mernda - South,25,48,2,0.5208333333333334
MERRIJIG_3723,3723,204011057,Mansfield (Vic.),1,1,1,1.0
METUNG_3904,3904,205021084,Lakes Entrance,4,4,1,1.0
MICKLEHAM_3064,3064,210051445,Mickleham - Yuroke,65,65,1,1.0
MIDDLE_PARK_3206,3206,206051128,Albert Park,4,4,1,1.0
MILL_PARK_3082,3082,209041220,Mill Park - North,24,47,2,0.5106382978723404
MIRBOO_NORTH_3871,3871,205031090,Leongatha,1,1,1,1.0
MITCHAM_3132,3132,211041270,Mitcham (Vic.),37,37,1,1.0
MOE_3825,3825,205041095,Moe - Newborough,15,15,1,1.0
MONBULK_3793,3793,211051279,Monbulk - Silvan,2,2,1,1.0
MONTMORENCY_3094,3094,209011202,Montmorency - Briar Hill,3,3,1,1.0
MONTROSE_3765,3765,211051280,Montrose,2,2,1,1.0
MONT_ALBERT_3127,3127,207031167,Surrey Hills (East) - Mont Albert,10,10,1,1.0
MONT_ALBERT_NORTH_3129,3129,207031164,Box Hill North,6,6,1,1.0
MOONEE_PONDS_3039,3039,206031116,Moonee Ponds,52,52,1,1.0
MOORABBIN_3189,3189,208031191,Moorabbin - Heatherton,8,8,1,1.0
MOOROOLBARK_3138,3138,211051281,Mooroolbark,23,23,1,1.0
MOOROOPNA_3629,3629,216031415,Mooroopna,15,15,1,1.0
MORDIALLOC_3195,3195,208031193,Mordialloc - Parkdale,10,10,1,1.0
MORNINGTON_3931,3931,214021592,Mornington - West,13,22,2,0.5909090909090909
MORTLAKE_3272,3272,217041477,Moyne - East,6,6,1,1.0
MORWELL_3840,3840,205041096,Morwell,62,62,1,1.0
MOUNT_BEAUTY_3699,3699,204031069,Bright - Mount Beauty,1,1,1,1.0
MOUNT_BULLER_3723,3723,204011057,Mansfield (Vic.),1,1,1,1.0
MOUNT_CLEAR_3350,3350,201011483,Canadian - Mount Clear,6,6,1,1.0
MOUNT_COTTRELL_3024,3024,213051582,Tarneit (West) - Mount Cottrell,2,2,1,1.0
MOUNT_EGERTON_3352,3352,201021012,Gordon (Vic.),1,1,1,1.0
MOUNT_ELIZA_3930,3930,214021381,Mount Eliza,8,8,1,1.0
MOUNT_EVELYN_3796,3796,211051283,Mount Evelyn,3,3,1,1.0
MOUNT_HELEN_3350,3350,201011005,Buninyong,1,1,1,1.0
MOUNT_MARTHA_3934,3934,214021382,Mount Martha,16,16,1,1.0
MOUNT_PLEASANT_3350,3350,201011483,Canadian - Mount Clear,6,6,1,1.0
MOUNT_WAVERLEY_3149,3149,212051324,Mount Waverley - South,23,36,2,0.6388888888888888
MUCKLEFORD_3451,3451,202021028,Castlemaine Surrounds,1,1,1,1.0
MUCKLEFORD_SOUTH_3462,3462,202021028,Castlemaine Surrounds,2,2,1,1.0
MULGRAVE_3170,3170,212051325,Mulgrave,20,20,1,1.0
MURCHISON_3610,3610,216031419,Shepparton Surrounds - West,1,1,1,1.0
MURRUMBEENA_3163,3163,208021181,Murrumbeena,30,32,2,0.9375
MURTOA_3390,3390,215011394,Yarriambiack,1,1,1,1.0
MYRTLEFORD_3737,3737,204031071,Myrtleford,5,5,1,1.0
NAGAMBIE_3608,3608,204011058,Nagambie,2,2,1,1.0
NARRE_WARREN_3805,3805,212021456,Narre Warren - South West,37,49,2,0.7551020408163265
NARRE_WARREN_NORTH_3804,3804,212021299,Narre Warren North,1,1,1,1.0
NAR_NAR_GOON_3812,3812,212011547,Bunyip - Garfield,1,1,1,1.0
NAVIGATORS_3352,3352,201021012,Gordon (Vic.),1,1,1,1.0
NELSON_3292,3292,217011420,Glenelg (Vic.),1,1,1,1.0
NEUARPURR_3413,3413,215011393,West Wimmera,1,1,1,1.0
NEWBOROUGH_3825,3825,205041095,Moe - Newborough,10,10,1,1.0
NEWBURY_3458,3458,201021011,Daylesford,1,1,1,1.0
NEWCOMB_3219,3219,203021045,Newcomb - Moolap,13,13,1,1.0
NEWLANDS_ARM_3875,3875,205021086,Paynesville,1,1,1,1.0
NEWMERELLA_3886,3886,205021085,Orbost,1,1,1,1.0
NEWPORT_3015,3015,213021344,Newport,23,23,1,1.0
NEWTOWN_3220,3220,203021046,Newtown (Vic.),20,20,1,1.0
NEW_GISBORNE_3438,3438,210021232,Gisborne,1,1,1,1.0
NHILL_3418,3418,215011390,Nhill Region,2,2,1,1.0
NICHOLS_POINT_3501,3501,215021395,Irymple,2,2,1,1.0
NIDDRIE_3042,3042,210011230,Niddrie - Essendon West,7,7,1,1.0
NILMA_3821,3821,205011079,Warragul,1,1,1,1.0
NOBLE_PARK_3174,3174,212041460,Noble Park - West,35,60,4,0.5833333333333334
NOBLE_PARK_NORTH_3174,3174,212041316,Noble Park North,5,5,1,1.0
NOORAT_3265,3265,217031474,Corangamite - North,1,1,1,1.0
NORLANE_3214,3214,203021488,Norlane,32,32,1,1.0
NORTHCOTE_3070,3070,206021499,Northcote - East,29,50,2,0.58
NORTH_BENDIGO_3550,3550,202011018,Bendigo,19,19,1,1.0
NORTH_GEELONG_3215,3215,203021047,North Geelong - Bell Park,6,6,1,1.0
NORTH_MELBOURNE_3051,3051,206041506,North Melbourne,121,122,2,0.9918032786885246
NORTH_SHORE_3214,3214,203021488,Norlane,2,2,1,1.0
NORTH_WARRANDYTE_3113,3113,211021262,Warrandyte - Wonga Park,1,1,1,1.0
NOTTING_HILL_3168,3168,212051567,Clayton (North) - Notting Hill,6,6,1,1.0
NUMURKAH_3636,3636,216021413,Numurkah,4,4,1,1.0
NUNAWADING_3131,3131,211041271,Nunawading,17,17,1,1.0
NYORA_3987,3987,205031089,Korumburra,3,3,1,1.0
OAKLEIGH_3166,3166,212051326,Oakleigh - Huntingdale,12,12,1,1.0
OAKLEIGH_EAST_3166,3166,212051326,Oakleigh - Huntingdale,20,20,1,1.0
OAKLEIGH_SOUTH_3167,3167,212051326,Oakleigh - Huntingdale,14,17,2,0.8235294117647058
OAK_PARK_3046,3046,210031537,Oak Park,13,14,2,0.9285714285714286
OCEAN_GROVE_3226,3226,203031490,Ocean Grove,21,21,1,1.0
OFFICER_3809,3809,212011546,Beaconsfield - Officer,71,85,3,0.8352941176470589
OLINDA_3788,3788,211051282,Mount Dandenong - Olinda,1,1,1,1.0
OMEO_3898,3898,205021082,Bruthen - Omeo,3,3,1,1.0
ORBOST_3888,3888,205021085,Orbost,3,3,1,1.0
ORMOND_3204,3204,208021182,Ormond - Glen Huntly,21,21,1,1.0
OUYEN_3490,3490,215021398,Mildura Surrounds,3,3,1,1.0
OVENS_3738,3738,204031071,Myrtleford,1,1,1,1.0
PAKENHAM_3810,3810,212011552,Pakenham - South West,56,132,4,0.42424242424242425
PAKENHAM_UPPER_3810,3810,212011289,Emerald - Cockatoo,1,1,1,1.0
PANTON_HILL_3759,3759,209031212,Panton Hill - St Andrews,1,1,1,1.0
PARADISE_BEACH_3851,3851,205051100,Longford - Loch Sport,1,1,1,1.0
PARKDALE_3195,3195,208031193,Mordialloc - Parkdale,10,10,1,1.0
PARKVILLE_3052,3052,206041124,Parkville,31,31,1,1.0
PARK_ORCHARDS_3114,3114,211021261,Donvale - Park Orchards,1,1,1,1.0
PARWAN_3340,3340,201021009,Bacchus Marsh Surrounds,1,1,1,1.0
PASCOE_VALE_3044,3044,210031538,Pascoe Vale,24,28,3,0.8571428571428571
PASCOE_VALE_SOUTH_3044,3044,206011109,Pascoe Vale South,7,8,2,0.875
PATTERSON_LAKES_3197,3197,208031185,Carrum - Patterson Lakes,12,12,1,1.0
PAYNESVILLE_3880,3880,205021086,Paynesville,6,6,1,1.0
PENSHURST_3289,3289,217011423,Southern Grampians,2,2,1,1.0
PETERBOROUGH_3270,3270,217041477,Moyne - East,3,3,1,1.0
POINT_COOK_3030,3030,213051466,Point Cook - South,71,203,5,0.3497536945812808
POINT_LONSDALE_3225,3225,203031052,Point Lonsdale - Queenscliff,5,5,1,1.0
POREPUNKAH_3740,3740,204031069,Bright - Mount Beauty,2,2,1,1.0
PORTARLINGTON_3223,3223,203031051,Portarlington,11,11,1,1.0
PORTLAND_3305,3305,217011422,Portland,7,7,1,1.0
PORTSEA_3944,3944,214021383,Point Nepean,3,3,1,1.0
PORT_ALBERT_3971,3971,205051104,Yarram,1,1,1,1.0
PORT_FAIRY_3284,3284,217041478,Moyne - West,2,2,1,1.0
PORT_MELBOURNE_3207,3207,206051130,Port Melbourne,58,81,2,0.7160493827160493
PORT_WELSHPOOL_3965,3965,205031087,Foster,2,2,1,1.0
PRAHRAN_3181,3181,206061136,Prahran - Windsor,86,87,2,0.9885057471264368
PRESTON_3072,3072,209021428,Preston - East,51,79,4,0.6455696202531646
PRINCES_HILL_3054,3054,206071140,Carlton North - Princes Hill,1,1,1,1.0
PRINCETOWN_3269,3269,217031475,Corangamite - South,1,1,1,1.0
QUARRY_HILL_3550,3550,202011021,Flora Hill - Spring Gully,17,17,1,1.0
QUEENSCLIFF_3225,3225,203031052,Point Lonsdale - Queenscliff,3,3,1,1.0
REDAN_3350,3350,201011484,Sebastopol - Redan,8,8,1,1.0
RED_CLIFFS_3496,3496,215021399,Red Cliffs,9,9,1,1.0
RED_HILL_SOUTH_3937,3937,214021378,Flinders,1,1,1,1.0
RESERVOIR_3073,3073,209021523,Reservoir - North East,47,107,4,0.4392523364485981
RICHMOND_3121,3121,206071517,Richmond (South) - Cremorne,54,103,2,0.5242718446601942
RIDDELLS_CREEK_3431,3431,210021234,Riddells Creek,2,2,1,1.0
RINGWOOD_3134,3134,211031266,Ringwood,26,28,2,0.9285714285714286
RINGWOOD_EAST_3135,3135,211031267,Ringwood East,11,11,1,1.0
RINGWOOD_NORTH_3134,3134,211031268,Ringwood North,4,4,1,1.0
RIPPONLEA_3185,3185,206051134,St Kilda East,4,4,1,1.0
ROBINVALE_3549,3549,215031403,Robinvale,1,1,1,1.0
ROCKBANK_3335,3335,213041359,Rockbank - Mount Cottrell,60,60,1,1.0
ROMSEY_3434,3434,210021235,Romsey,1,1,1,1.0
ROSANNA_3084,3084,209011198,Heidelberg - Rosanna,13,13,1,1.0
ROSEBUD_3939,3939,214021384,Rosebud - McCrae,31,31,1,1.0
ROSS_CREEK_3351,3351,201011007,Smythes Creek,1,1,1,1.0
ROWVILLE_3178,3178,211011256,Rowville - Central,11,18,3,0.6111111111111112
ROXBURGH_PARK_3064,3064,210051544,Roxburgh Park (South) - Somerton,12,23,2,0.5217391304347826
RYE_3941,3941,214021383,Point Nepean,31,31,1,1.0
SAFETY_BEACH_3936,3936,214021377,Dromana,18,18,1,1.0
SALE_3850,3850,205051103,Sale,28,28,1,1.0
SANDRINGHAM_3191,3191,208011173,Sandringham - Black Rock,20,20,1,1.0
SAN_REMO_3925,3925,205031093,Wonthaggi - Inverloch,8,8,1,1.0
SASSAFRAS_3787,3787,211051282,Mount Dandenong - Olinda,2,2,1,1.0
SCORESBY_3179,3179,211011254,Knoxfield - Scoresby,7,7,1,1.0
SEABROOK_3028,3028,213021345,Seabrook,12,12,1,1.0
SEAFORD_3198,3198,214011375,Seaford (Vic.),37,37,1,1.0
SEAHOLME_3018,3018,213021341,Altona,4,4,1,1.0
SEASPRAY_3851,3851,205051100,Longford - Loch Sport,1,1,1,1.0
SEBASTOPOL_3356,3356,201011484,Sebastopol - Redan,31,32,2,0.96875
SEDDON_3011,3011,213031350,Seddon - Kingsville,14,14,1,1.0
SEVILLE_3139,3139,211051285,Wandin - Seville,1,1,1,1.0
SEYMOUR_3660,3660,204011059,Seymour,6,6,1,1.0
SHELFORD_3329,3329,203011035,Golden Plains - South,1,1,1,1.0
SHEPPARTON_3630,3630,216031416,Shepparton - North,57,108,2,0.5277777777777778
SHEPPARTON_EAST_3631,3631,216031594,Shepparton - South East,1,1,1,1.0
SHOREHAM_3916,3916,214021378,Flinders,3,3,1,1.0
SILVAN_3795,3795,211051279,Monbulk - Silvan,1,1,1,1.0
SKYE_3977,3977,214011376,Skye - Sandhurst,4,4,1,1.0
SMEATON_3364,3364,201021010,Creswick - Clunes,1,1,1,1.0
SMYTHES_CREEK_3351,3351,201011006,Delacombe,4,4,1,1.0
SNAKE_VALLEY_3351,3351,201031014,Beaufort,1,1,1,1.0
SOMERS_3927,3927,214021379,Hastings - Somers,2,2,1,1.0
SOMERVILLE_3912,3912,214021385,Somerville,4,4,1,1.0
SORRENTO_3943,3943,214021383,Point Nepean,8,8,1,1.0
SOUTHBANK_3006,3006,206041509,Southbank - East,185,300,3,0.6166666666666667
SOUTH_DUDLEY_3995,3995,205031093,Wonthaggi - Inverloch,1,1,1,1.0
SOUTH_KINGSVILLE_3015,3015,213021344,Newport,5,6,2,0.8333333333333334
SOUTH_MELBOURNE_3205,3205,206051512,South Melbourne,70,104,2,0.6730769230769231
SOUTH_MORANG_3752,3752,209041435,South Morang - North,19,37,2,0.5135135135135135
SOUTH_YARRA_3141,3141,206061515,South Yarra - North,122,209,3,0.583732057416268
SPOTSWOOD_3015,3015,213021344,Newport,15,15,1,1.0
SPRINGVALE_3171,3171,212041317,Springvale,34,34,1,1.0
SPRINGVALE_SOUTH_3172,3172,212041318,Springvale South,9,9,1,1.0
SPRING_GULLY_3550,3550,202011021,Flora Hill - Spring Gully,3,3,1,1.0
STAWELL_3380,3380,215011392,Stawell,4,4,1,1.0
STRATFORD_3862,3862,205051101,Maffra,5,5,1,1.0
STRATHDALE_3550,3550,202011020,East Bendigo - Kennington,4,4,1,1.0
STRATHFIELDSAYE_3551,3551,202011024,Strathfieldsaye,7,7,1,1.0
STRATHMERTON_3641,3641,216021413,Numurkah,2,2,1,1.0
STRATHMORE_3041,3041,210011231,Strathmore,14,14,1,1.0
STRATHMORE_HEIGHTS_3041,3041,210011231,Strathmore,1,1,1,1.0
ST_ALBANS_3021,3021,213011334,St Albans - North,34,55,2,0.6181818181818182
ST_ALBANS_PARK_3219,3219,203021045,Newcomb - Moolap,7,7,1,1.0
ST_ANDREWS_3761,3761,209031212,Panton Hill - St Andrews,1,1,1,1.0
ST_ANDREWS_BEACH_3941,3941,214021383,Point Nepean,2,2,1,1.0
ST_JAMES_3727,3727,216021412,Moira,1,1,1,1.0
ST_KILDA_3182,3182,206051513,St Kilda - Central,95,170,3,0.5588235294117647
ST_KILDA_EAST_3183,3183,206051134,St Kilda East,54,60,2,0.9
ST_KILDA_WEST_3182,3182,206051514,St Kilda - West,3,3,1,1.0
ST_LEONARDS_3223,3223,203031051,Portarlington,9,9,1,1.0
SUNBURY_3429,3429,210041540,Sunbury - South,48,78,3,0.6153846153846154
SUNSHINE_3020,3020,213011336,Sunshine,17,19,3,0.8947368421052632
SURREY_HILLS_3127,3127,207031167,Surrey Hills (East) - Mont Albert,9,17,2,0.5294117647058824
SWAN_HILL_3585,3585,215031404,Swan Hill,7,7,1,1.0
SYDENHAM_3037,3037,213011339,Sydenham,22,22,1,1.0
TABILK_3607,3607,204011058,Nagambie,1,1,1,1.0
TAGGERTY_3714,3714,204011054,Alexandra,1,1,1,1.0
TALLANGATTA_3700,3700,204031072,Towong,1,1,1,1.0
TARNEIT_3029,3029,213051584,Tarneit - North,99,300,4,0.33
TATURA_3616,3616,216031419,Shepparton Surrounds - West,4,4,1,1.0
TAWONGA_SOUTH_3698,3698,204031069,Bright - Mount Beauty,3,3,1,1.0
TAYLORS_LAKES_3038,3038,213011340,Taylors Lakes,8,8,1,1.0
TEMPLESTOWE_3106,3106,207021159,Templestowe,16,16,1,1.0
TEMPLESTOWE_LOWER_3107,3107,207021160,Templestowe Lower,16,16,1,1.0
TERANG_3264,3264,217031474,Corangamite - North,2,2,1,1.0
THE_PATCH_3792,3792,211051282,Mount Dandenong - Olinda,1,1,1,1.0
THOMASTOWN_3074,3074,209041223,Thomastown,34,34,1,1.0
THORNBURY_3071,3071,206021112,Thornbury,41,41,1,1.0
THORPDALE_3835,3835,205011078,Trafalgar (Vic.),1,1,1,1.0
TONGALA_3621,3621,216011407,Kyabram,1,1,1,1.0
TONIMBUK_3815,3815,212011547,Bunyip - Garfield,1,1,1,1.0
TOOLERN_VALE_3337,3337,213041576,Kurunjang - Toolern Vale,1,1,1,1.0
TOORADIN_3980,3980,212031308,Pearcedale - Tooradin,1,1,1,1.0
TOORAK_3142,3142,206061138,Toorak,40,40,1,1.0
TOORA_3962,3962,205031087,Foster,1,1,1,1.0
TOOTGAROOK_3941,3941,214021383,Point Nepean,9,9,1,1.0
TORQUAY_3228,3228,203031053,Torquay,33,33,1,1.0
TRAFALGAR_3824,3824,205011078,Trafalgar (Vic.),4,4,1,1.0
TRARALGON_3844,3844,205041494,Traralgon - West,38,64,2,0.59375
TRAVANCORE_3032,3032,206031115,Flemington,11,11,1,1.0
TRENTHAM_3458,3458,201021011,Daylesford,1,1,1,1.0
TRUGANINA_3029,3029,213041359,Rockbank - Mount Cottrell,100,220,5,0.45454545454545453
TULLAMARINE_3043,3043,210051250,Tullamarine,11,12,2,0.9166666666666666
TYABB_3913,3913,214021385,Somerville,2,2,1,1.0
TYLDEN_3444,3444,202021030,Kyneton,1,1,1,1.0
TYNONG_3813,3813,212011547,Bunyip - Garfield,2,2,1,1.0
UNDERBOOL_3509,3509,215021398,Mildura Surrounds,1,1,1,1.0
UPPER_FERNTREE_GULLY_3156,3156,211011448,Ferntree Gully (South) - Upper Ferntree Gully,2,2,1,1.0
UPPER_PLENTY_3756,3756,209041224,Wallan,1,1,1,1.0
UPWEY_3158,3158,211051284,Upwey - Tecoma,1,1,1,1.0
VERMONT_3133,3133,211041272,Vermont,11,11,1,1.0
VERMONT_SOUTH_3133,3133,211041273,Vermont South,12,12,1,1.0
VIEWBANK_3084,3084,209011203,Viewbank - Yallambie,10,10,1,1.0
VINIFERA_3591,3591,215031405,Swan Hill Surrounds,2,2,1,1.0
WAHGUNYAH_3687,3687,204021065,Rutherglen,2,2,1,1.0
WALKERVILLE_3956,3956,205031087,Foster,1,1,1,1.0
WALLAN_3756,3756,209041224,Wallan,56,56,1,1.0
WANDANA_HEIGHTS_3216,3216,203021042,Highton,2,2,1,1.0
WANDIN_NORTH_3139,3139,211051285,Wandin - Seville,1,1,1,1.0
WANGARATTA_3677,3677,204021066,Wangaratta,11,11,1,1.0
WANTIRNA_3152,3152,211011259,Wantirna,12,13,2,0.9230769230769231
WANTIRNA_SOUTH_3152,3152,211011260,Wantirna South,12,13,2,0.9230769230769231
WARRACKNABEAL_3393,3393,215011394,Yarriambiack,1,1,1,1.0
WARRAGUL_3820,3820,205011079,Warragul,35,35,1,1.0
WARRANDYTE_3113,3113,211021262,Warrandyte - Wonga Park,3,3,1,1.0
WARRANWOOD_3134,3134,211031265,Croydon Hills - Warranwood,2,2,1,1.0
WARRNAMBOOL_3280,3280,217041479,Warrnambool - North,38,60,2,0.6333333333333333
WATSONIA_3087,3087,209011204,Watsonia,3,4,2,0.75
WAURN_PONDS_3216,3216,203021487,Grovedale - Mount Duneed,12,12,1,1.0
WENDOUREE_3355,3355,201011008,Wendouree - Miners Rest,35,35,1,1.0
WERRIBEE_3030,3030,213051468,Werribee - West,116,199,3,0.5829145728643216
WESTMEADOWS_3049,3049,210051245,Gladstone Park - Westmeadows,12,12,1,1.0
WEST_FOOTSCRAY_3012,3012,213031351,West Footscray - Tottenham,38,38,1,1.0
WEST_MELBOURNE_3003,3003,206041510,West Melbourne - Residential,80,85,2,0.9411764705882353
WHEELERS_HILL_3150,3150,212051327,Wheelers Hill,24,24,1,1.0
WHITE_HILLS_3550,3550,202011025,White Hills - Ascot,9,9,1,1.0
WHITTINGTON_3219,3219,203021045,Newcomb - Moolap,8,8,1,1.0
WHITTLESEA_3757,3757,209041225,Whittlesea,4,4,1,1.0
WHOROULY_3735,3735,204021067,Wangaratta Surrounds,1,1,1,1.0
WILLIAMSTOWN_3016,3016,213021346,Williamstown,21,21,1,1.0
WINCHELSEA_3241,3241,203011036,Winchelsea,2,2,1,1.0
WINDSOR_3181,3181,206061136,Prahran - Windsor,24,28,3,0.8571428571428571
WODONGA_3690,3690,204031492,Wodonga,31,60,3,0.5166666666666667
WOLLERT_3750,3750,209041437,Wollert,93,96,2,0.96875
WONGA_PARK_3115,3115,211021262,Warrandyte - Wonga Park,2,2,1,1.0
WONTHAGGI_3995,3995,205031093,Wonthaggi - Inverloch,12,12,1,1.0
WOODEND_3442,3442,202021031,Woodend,3,3,1,1.0
WOODSTOCK_3751,3751,209041225,Whittlesea,7,7,1,1.0
WOORINEN_3589,3589,215031405,Swan Hill Surrounds,1,1,1,1.0
WUNGHNU_3635,3635,216021413,Numurkah,1,1,1,1.0
WYNDHAM_VALE_3024,3024,213051589,Wyndham Vale - North,95,131,3,0.7251908396946565
WY_YUNG_3875,3875,205021081,Bairnsdale,2,2,1,1.0
YACKANDANDAH_3749,3749,204031075,Yackandandah,1,1,1,1.0
YALLAMBIE_3085,3085,209011203,Viewbank - Yallambie,2,2,1,1.0
YANAKIE_3960,3960,205031087,Foster,1,1,1,1.0
YARRAGON_3823,3823,205011078,Trafalgar (Vic.),3,3,1,1.0
YARRAMBAT_3091,3091,209031213,Plenty - Yarrambat,3,3,1,1.0
YARRAVILLE_3013,3013,213031352,Yarraville,32,32,1,1.0
YARRAWONGA_3730,3730,216021414,Yarrawonga,20,20,1,1.0
YARRA_GLEN_3775,3775,211051276,Healesville - Yarra Glen,1,1,1,1.0
YARROWEYAH_3644,3644,216021413,Numurkah,1,1,1,1.0
YEA_3717,3717,204011062,Yea,2,2,1,1.0
YELLINGBO_3139,3139,211051286,Yarra Valley,1,1,1,1.0
