suburb_key,suburb,listings,liveability,liveability_plain,metro,median_income,transport,education,open_space,food_shops,health,leisure,jobs_access,median_rent,rent_to_income,liveability_rank,affordability_rank,dffh_area,growth_pa_pct
ABBOTSFORD_3067,Abbotsford,63,107.7002,107.8115,True,75322.0,105.6885,103.7537,104.5658,110.0267,108.1282,110.1781,112.3397,657.5,0.4539,11,92,Collingwood-Abbotsford,2.8231
AINTREE_3336,Aintree,17,95.1965,96.0018,True,60397.0,96.1504,102.3288,106.3079,97.3634,82.193,91.9629,95.7058,530.0,0.4563,278,96,,
AIRPORT_WEST_3042,Airport West,39,100.3152,100.7078,True,68085.0,102.0174,102.4047,97.9642,105.194,98.38,95.9385,103.056,710.0,0.5423,145,222,,
ALBANVALE_3021,Albanvale,18,100.0564,100.2417,True,47416.0,103.0911,103.339,102.4119,99.9112,99.693,94.4758,98.7701,480.0,0.5264,154,206,,
ALBERT_PARK_3206,Albert Park,11,106.5806,106.74,True,74797.0,105.7259,104.2072,106.1899,109.403,99.3862,110.5237,111.7442,785.0,0.5457,22,227,Albert Park-Middle Park-West St Kilda,1.6457
ALBION_3020,Albion,26,102.0089,102.1761,True,54273.0,103.9438,104.0196,102.2699,99.6506,100.638,101.3734,103.3378,455.0,0.4359,92,67,,
ALFREDTON_3350,Alfredton,26,91.8122,92.5703,False,60841.0,87.8668,94.3404,102.8605,91.7337,95.879,89.2594,86.052,480.0,0.4102,323,45,Wendouree-Alfredton,3.3003
ALPHINGTON_3078,Alphington,39,103.637,103.9319,True,81513.0,104.2427,103.4806,105.902,92.9019,110.1509,103.6297,107.2158,725.0,0.4625,55,109,Fairfield-Alphington,4.5469
ALTONA_3018,Altona,28,98.3414,98.8653,True,70793.0,103.3215,103.5544,92.9,102.5089,88.803,99.5838,101.3852,570.0,0.4187,213,52,Altona,2.0404
ALTONA_MEADOWS_3028,Altona Meadows,60,99.3817,99.7513,True,61570.0,99.7057,101.7115,99.2812,106.8206,93.9549,97.0927,99.6928,540.0,0.4561,174,95,,
ALTONA_NORTH_3025,Altona North,61,98.9171,99.2835,True,66099.0,102.6328,100.9481,100.3549,98.2309,91.946,96.5565,104.3151,750.0,0.59,189,283,,
ARARAT_3377,Ararat,19,95.2633,96.3487,False,50695.0,102.4743,100.6599,86.4855,98.4095,107.0799,97.7103,81.6214,420.0,0.4308,277,60,,
ARMADALE_3143,Armadale,56,104.6455,104.813,True,81733.0,105.7031,102.9086,100.6509,106.1238,109.6127,102.5665,106.1258,640.0,0.4072,40,39,Armadale,2.4166
ARMSTRONG_CREEK_3217,Armstrong Creek,40,94.333,94.9173,False,63577.0,97.0596,97.1788,98.7368,93.5258,98.1092,90.7813,89.0299,560.0,0.458,285,103,,
ASCOT_VALE_3032,Ascot Vale,53,104.4459,104.7654,True,71199.0,104.323,103.7136,97.8142,105.073,107.6389,105.1289,109.6661,560.0,0.409,44,43,Moonee Ponds-Ascot Vale,2.5683
ASHBURTON_3147,Ashburton,12,101.4977,102.1443,True,70259.0,105.1981,103.4231,86.9994,107.4358,105.9261,102.4217,103.6062,760.0,0.5625,112,251,Burwood-Ashburton,2.1354
ASHWOOD_3147,Ashwood,18,100.3203,100.7017,True,62361.0,99.6376,103.3707,102.2536,96.2796,105.4443,95.4015,102.5242,795.0,0.6629,144,331,,
AVONDALE_HEIGHTS_3034,Avondale Heights,29,101.4058,101.6995,True,62028.0,100.3942,103.1057,105.4196,103.133,98.9957,96.036,104.8126,750.0,0.6287,116,307,Keilor East-Avondale Heights,1.8525
BACCHUS_MARSH_3340,Bacchus Marsh,22,96.1187,96.7653,True,62129.0,95.5404,95.0204,98.8495,95.4188,106.2072,94.3838,91.9369,495.0,0.4143,263,51,,
BAIRNSDALE_3875,Bairnsdale,16,91.7886,92.9857,False,47926.0,93.636,99.4335,85.3399,93.1296,104.6793,95.6794,79.0022,350.0,0.3798,324,13,Bairnsdale,4.2772
BALACLAVA_3183,Balaclava,43,105.9515,106.0916,True,67706.0,105.3727,103.7207,100.162,108.8082,110.0281,107.0171,107.5322,720.0,0.553,27,238,,
BALLARAT_NORTH_3350,Ballarat North,12,97.4391,97.9596,False,59606.0,103.6724,102.5363,100.2637,98.0536,100.6072,94.1116,86.4727,445.0,0.3882,232,22,,
BALWYN_3103,Balwyn,33,102.8275,103.0252,True,55587.0,104.0008,103.6592,98.0908,107.0219,101.0221,103.2628,104.119,1000.0,0.9355,69,365,Balwyn,3.0512
BALWYN_NORTH_3104,Balwyn North,38,101.4021,101.6992,True,57356.0,101.3951,103.2394,100.0013,104.5306,98.8103,100.1563,103.7614,750.0,0.68,117,334,,
BARANDUDA_3691,Baranduda,12,88.2242,89.4419,False,63530.0,78.0223,101.7577,95.3566,94.8849,86.3219,91.5655,78.1842,665.0,0.5443,356,226,,
BAYSWATER_3153,Bayswater,35,99.8654,100.3116,True,59113.0,99.3887,103.7075,99.8283,97.6903,106.7043,98.4483,96.4141,655.0,0.5762,160,266,Bayswater,3.2047
BAYSWATER_NORTH_3153,Bayswater North,16,97.244,97.6515,True,61960.0,98.0393,99.5518,103.1245,92.0171,98.5093,95.4916,96.8266,540.0,0.4532,237,90,,
BEACONSFIELD_3807,Beaconsfield,10,99.7971,100.1035,True,63695.0,101.1037,100.344,103.2494,106.0762,98.6581,98.1486,93.1447,795.0,0.649,163,324,,
BEAUMARIS_3193,Beaumaris,27,98.6419,99.0368,True,67712.0,104.0584,103.3144,94.425,92.9503,99.8282,98.9748,99.7065,890.0,0.6835,203,337,Hampton-Beaumaris,4.0278
BEECHWORTH_3747,Beechworth,10,93.4664,95.068,False,50434.0,79.536,103.4766,95.0115,100.6497,108.0371,99.5583,79.2068,347.5,0.3583,299,8,,
BELL_PARK_3215,Bell Park,20,100.3291,100.7421,False,56475.0,97.3931,103.2414,103.6994,107.0515,106.467,96.8307,90.5113,500.0,0.4604,142,105,,
BELL_POST_HILL_3215,Bell Post Hill,15,97.8859,98.3461,False,56475.0,99.2508,102.5895,102.2687,102.0523,100.0995,91.708,90.4543,520.0,0.4788,223,135,,
BELMONT_3216,Belmont,45,98.6477,99.3058,False,58028.0,100.7307,103.5065,94.9644,98.1717,109.579,98.5187,89.6696,540.0,0.4839,202,143,Belmont-Grovedale,3.9166
BENALLA_3672,Benalla,48,90.3186,91.3804,False,48248.0,96.0842,97.7518,82.8941,89.0987,101.7342,90.2998,81.8001,495.0,0.5335,342,216,,
BENDIGO_3550,Bendigo,64,100.0484,100.932,False,53250.0,103.92,103.657,94.7731,103.6377,110.2231,106.1254,84.1877,595.0,0.581,155,275,Bendigo,6.331
BENTLEIGH_3204,Bentleigh,49,101.1752,101.6395,True,67586.0,103.8308,103.0323,91.748,104.2731,103.7081,102.1813,102.703,757.5,0.5828,122,278,Bentleigh,3.7806
BENTLEIGH_EAST_3165,Bentleigh East,89,100.1119,100.6981,True,65537.0,103.6591,103.1371,91.5726,99.0903,107.7733,98.0666,101.5876,760.0,0.603,148,291,,
BERWICK_3806,Berwick,159,96.9023,97.4189,True,60926.0,95.905,101.1472,101.6063,92.4755,103.6448,93.349,93.804,605.0,0.5164,242,190,Berwick,3.1377
BEVERIDGE_3753,Beveridge,86,87.613,88.7582,True,60634.0,85.3405,85.2639,98.7394,90.03,77.5808,89.9596,94.3931,470.0,0.4031,358,35,,
BLACKBURN_3130,Blackburn,49,102.7902,102.9325,True,60414.0,104.9901,103.2084,101.6219,104.9023,104.2587,101.4313,100.115,605.0,0.5207,70,201,Blackburn,2.1176
BLACKBURN_NORTH_3130,Blackburn North,24,100.6272,100.8169,True,60414.0,104.5703,103.5044,100.7961,97.1014,101.0755,98.214,100.4564,675.0,0.581,134,274,,
BLACKBURN_SOUTH_3130,Blackburn South,17,101.2158,101.5206,True,56671.0,101.0317,101.5896,102.9707,102.1056,105.4989,96.3874,101.0605,700.0,0.6423,121,313,,
BLACK_ROCK_3193,Black Rock,16,98.8419,99.4045,True,68884.0,96.9616,100.8561,92.1983,100.0913,106.0221,99.1449,100.5569,1012.5,0.7643,197,348,,
BLAIRGOWRIE_3942,Blairgowrie,10,85.5912,86.7867,True,48057.0,96.6184,70.0,97.6502,85.2461,82.3568,88.2781,87.3573,650.0,0.7033,366,340,,
BONBEACH_3196,Bonbeach,17,95.6515,96.3024,True,67778.0,99.4624,103.0025,95.1527,98.4281,84.3266,96.9844,96.7602,890.0,0.6828,271,336,,
BORONIA_3155,Boronia,52,101.4079,101.6758,True,59350.0,102.6257,102.7842,103.0967,102.4307,104.5046,100.1523,96.1364,580.0,0.5082,115,184,Boronia,2.9532
BOX_HILL_3128,Box Hill,164,105.7287,105.9587,True,45785.0,105.5068,101.2732,102.8923,108.5996,112.4946,110.1698,100.7749,550.0,0.6247,28,305,Box Hill,2.8831
BOX_HILL_NORTH_3129,Box Hill North,40,100.504,100.9241,True,54594.0,103.9096,103.037,101.5645,89.9827,107.8957,98.7516,101.3276,625.0,0.5953,136,287,,
BOX_HILL_SOUTH_3128,Box Hill South,31,100.9718,101.3491,True,45785.0,105.0591,102.6429,96.7977,99.6039,103.5785,99.0988,102.6626,582.5,0.6616,128,329,,
BRAYBROOK_3019,Braybrook,39,98.6197,99.1091,True,56145.0,98.9783,103.3334,97.9543,96.5047,97.1083,94.7679,105.1168,625.0,0.5789,205,272,,
BRIGHTON_3186,Brighton,98,103.3867,103.6679,True,75139.0,103.7342,103.3082,98.1974,103.876,107.9669,104.1458,104.4468,1595.0,1.1038,60,369,Brighton,2.3125
BRIGHTON_EAST_3187,Brighton East,43,97.9349,98.5573,True,69612.0,103.6206,102.8932,92.0363,88.6141,103.0537,96.3776,103.3059,1175.0,0.8777,220,357,Brighton East,2.5064
BROADMEADOWS_3047,Broadmeadows,46,98.472,99.0961,True,44217.0,100.1381,103.7535,91.4591,95.6075,105.3004,94.8621,102.552,550.0,0.6468,208,319,Broadmeadows-Roxburgh Park,2.8479
BROOKFIELD_3338,Brookfield,42,91.1967,92.1676,True,55272.0,79.098,97.0856,95.4766,87.3955,103.2713,89.0877,93.7585,450.0,0.4234,333,55,,
BRUNSWICK_3056,Brunswick,129,108.0201,108.1942,True,71438.0,105.3589,103.3947,103.7246,109.5374,110.8716,113.2059,111.2665,682.5,0.4968,9,163,Brunswick,2.0073
BRUNSWICK_EAST_3057,Brunswick East,80,106.9597,107.1279,True,74422.0,105.8173,103.3811,101.8099,109.4097,107.9478,111.7246,109.8051,550.0,0.3843,20,15,East Brunswick,1.877
BRUNSWICK_WEST_3055,Brunswick West,90,104.9614,105.0873,True,66073.0,105.4796,103.8016,101.9319,107.6109,105.3069,103.2768,108.2037,600.0,0.4722,34,121,West Brunswick,1.9046
BULLEEN_3105,Bulleen,32,100.196,100.4704,True,58307.0,103.0625,99.8457,103.3641,99.756,97.3943,96.5133,103.3572,720.0,0.6421,147,312,Bulleen-Templestowe-Doncaster,3.4499
BUNDOORA_3083,Bundoora,91,102.1488,102.4282,True,56017.0,102.3606,100.0749,103.9285,102.6739,108.4947,97.6787,101.7859,560.0,0.5198,86,198,Bundoora-Greensborough-Hurstbridge,2.7625
BURWOOD_3125,Burwood,97,101.8696,102.1347,True,44144.0,104.3954,103.2148,102.5529,98.1899,101.8544,102.4575,102.2781,550.0,0.6479,99,323,Burwood-Ashburton,2.1354
BURWOOD_EAST_3151,Burwood East,32,103.8254,103.9888,True,50824.0,104.0089,102.4172,104.8585,109.2547,105.9966,100.4399,100.9459,660.0,0.6753,53,333,Vermont-Forest Hill-Burwood East,3.7019
CALIFORNIA_GULLY_3556,California Gully,15,93.8426,94.5343,False,53579.0,99.2114,100.1783,98.5617,90.7297,98.4658,90.5915,84.0015,495.0,0.4804,292,140,,
CAMBERWELL_3124,Camberwell,62,102.5913,102.9712,True,68783.0,105.1861,102.396,97.7577,103.7227,106.155,101.4163,104.1643,1020.0,0.7711,74,350,Camberwell-Glen Iris,2.0867
CANADIAN_3350,Canadian,11,92.1962,92.9111,False,53937.0,93.5154,92.8225,104.4952,85.3651,95.6114,92.1581,86.4104,450.0,0.4338,319,64,,
CANTERBURY_3126,Canterbury,14,101.7542,102.1282,True,68600.0,104.2373,103.9128,98.4122,98.7068,103.0012,100.8846,105.7425,1032.5,0.7827,104,351,Canterbury-Surrey Hills-Mont Albert,3.6967
CARLTON_3053,Carlton,224,110.4323,110.8808,True,32418.0,105.7375,103.5617,103.1195,110.5199,112.7978,120.9062,119.5233,455.0,0.7298,2,344,Carlton-Parkville,2.3895
CARLTON_NORTH_3054,Carlton North,21,106.4717,106.6573,True,69589.0,105.6771,103.8851,102.3925,104.6825,104.7667,112.2599,112.9372,925.0,0.6912,25,338,Carlton North,5.8356
CARNEGIE_3163,Carnegie,100,102.3355,102.7528,True,65915.0,104.6293,103.4314,94.1912,106.6969,99.8489,107.5225,102.9493,640.0,0.5049,79,178,Carnegie,3.2031
CAROLINE_SPRINGS_3023,Caroline Springs,48,98.4365,98.7972,True,60988.0,99.3909,101.7879,104.6294,99.2145,91.8172,97.2661,97.474,550.0,0.4689,209,113,,
CARRUM_3197,Carrum,10,97.5701,98.1528,True,64854.0,105.3308,103.4855,94.8325,104.9951,86.3193,97.2889,94.8171,1200.0,0.9622,229,367,Aspendale-Chelsea-Carrum,3.576
CARRUM_DOWNS_3201,Carrum Downs,50,97.8422,98.2719,True,60607.0,101.8421,101.8484,104.5583,101.3294,88.944,95.9481,93.4331,620.0,0.532,224,213,Seaford-Carrum Downs,6.0125
CAULFIELD_3162,Caulfield,22,99.9529,101.3187,True,68409.0,104.6525,103.6412,74.3037,105.2799,110.5528,106.3916,104.4093,622.5,0.4732,157,123,Caulfield,2.4169
CAULFIELD_EAST_3145,Caulfield East,23,101.8761,102.1218,True,66241.0,99.4175,102.4503,104.0225,93.9357,102.4406,108.3945,104.1914,435.0,0.3415,98,7,,
CAULFIELD_NORTH_3161,Caulfield North,104,101.7046,102.503,True,66241.0,104.9706,103.032,84.2243,107.5047,108.2089,104.396,105.1847,625.0,0.4906,107,156,,
CAULFIELD_SOUTH_3162,Caulfield South,28,100.6426,101.534,True,68409.0,104.5356,104.2443,86.0299,100.5856,107.9936,102.9678,104.3813,720.0,0.5473,133,231,,
CHADSTONE_3148,Chadstone,35,100.4584,100.7482,True,62361.0,100.3085,102.0444,98.8367,104.2509,98.4114,99.4288,101.9566,715.0,0.5962,138,289,Chadstone-Oakleigh,2.1751
CHARLEMONT_3217,Charlemont,16,91.5501,92.4069,False,62596.0,89.5614,89.5666,101.454,86.1358,101.7174,89.0543,89.359,550.0,0.4569,327,98,,
CHELSEA_3196,Chelsea,21,98.6329,99.2407,True,67778.0,103.5469,102.4825,98.1204,104.4117,85.589,103.4565,97.0775,650.0,0.4987,204,167,Aspendale-Chelsea-Carrum,3.576
CHELTENHAM_3192,Cheltenham,65,101.8641,102.176,True,65857.0,102.2182,102.0755,99.3383,105.0699,103.5181,102.5746,100.4373,782.5,0.6179,100,300,Cheltenham,3.7722
CHURCHILL_3842,Churchill,28,93.3485,94.2671,False,54471.0,100.463,102.3415,101.271,97.899,81.2106,93.0227,83.6617,400.0,0.3819,302,14,,
CLARINDA_3169,Clarinda,15,99.8371,100.1745,True,56637.0,102.8616,103.0685,103.3387,98.763,101.1711,93.008,99.0103,660.0,0.606,161,292,,
CLAYTON_3168,Clayton,257,103.1882,103.5355,True,32436.0,102.062,102.4035,98.0451,105.2602,110.4331,106.456,100.0884,550.0,0.8817,63,359,Clayton,2.3906
CLAYTON_SOUTH_3169,Clayton South,63,100.9971,101.3041,True,52493.0,104.6552,101.5654,101.1495,96.4161,104.2056,101.8241,99.3131,582.5,0.577,126,267,,
CLIFTON_HILL_3068,Clifton Hill,17,105.3927,105.5478,True,81513.0,102.9335,103.5694,104.4145,103.174,105.1375,108.6818,110.924,620.0,0.3955,31,27,Fitzroy North-Clifton Hill,3.207
CLIFTON_SPRINGS_3222,Clifton Springs,11,87.2673,88.2887,False,53917.0,100.1534,85.5217,94.3093,86.0465,76.1259,87.9128,87.9512,520.0,0.5015,360,172,,
CLYDE_3978,Clyde,97,91.2305,92.1527,True,63630.0,84.9374,89.2159,103.1424,92.7172,93.9113,88.8201,92.3246,600.0,0.4903,330,154,,
CLYDE_NORTH_3978,Clyde North,84,95.611,96.2194,True,60360.0,93.1133,101.4384,101.265,94.0324,100.5118,90.613,92.5618,610.0,0.5255,273,204,,
COBRAM_3644,Cobram,22,92.7665,94.0484,False,46997.0,91.6437,102.0806,84.5347,95.5184,108.3105,96.2357,80.0149,500.0,0.5532,312,239,,
COBURG_3058,Coburg,70,104.7281,104.9525,True,63533.0,104.727,103.8895,100.4188,105.4127,106.005,106.2275,107.987,610.0,0.4993,37,169,Coburg-Pascoe Vale South,3.0539
COBURG_NORTH_3058,Coburg North,16,105.094,105.1727,True,65684.0,103.9035,103.2107,104.9608,109.1051,105.5504,103.0834,106.3951,640.0,0.5067,33,182,Pascoe Vale-Coburg North,2.0433
COLAC_3250,Colac,15,97.0608,97.8592,False,52653.0,102.1666,103.7992,95.6269,96.2871,107.9713,95.0436,84.1193,530.0,0.5234,240,202,,
COLLINGWOOD_3066,Collingwood,49,108.9512,109.1999,True,79230.0,105.1387,104.2145,104.2303,109.8529,109.5898,116.5304,114.843,550.0,0.361,5,11,Collingwood-Abbotsford,2.8231
COOLAROO_3048,Coolaroo,11,97.9814,98.4301,True,40538.0,104.773,104.302,101.6608,88.3683,96.333,92.725,100.8487,500.0,0.6414,219,311,,
CORIO_3214,Corio,55,95.3386,95.8393,False,50781.0,99.1541,97.6697,101.4509,100.3322,90.4322,90.7423,91.094,450.0,0.4608,276,106,Corio,4.5422
COWES_3922,Cowes,28,91.7623,93.2101,False,43583.0,87.2487,88.0931,91.7605,96.4408,105.9292,98.2013,84.7969,550.0,0.6562,325,327,,
CRAIGIEBURN_3064,Craigieburn,233,100.0625,100.3647,True,53569.0,102.2378,102.6897,104.7481,99.6588,102.3297,93.1022,97.7869,550.0,0.5339,153,217,Craigieburn,1.9937
CRANBOURNE_3977,Cranbourne,93,99.1523,99.7057,True,54139.0,100.003,103.0465,95.8772,101.6421,104.7289,99.187,93.4555,530.0,0.5091,183,186,Cranbourne,2.6736
CRANBOURNE_EAST_3977,Cranbourne East,22,93.9136,94.5947,True,58451.0,89.742,100.9736,98.9598,89.7824,100.56,89.1867,92.9585,627.5,0.5582,290,245,,
CRANBOURNE_NORTH_3977,Cranbourne North,61,97.3337,97.7737,True,55119.0,101.5404,102.1522,103.6907,99.2125,94.2703,90.0189,93.531,590.0,0.5566,234,242,,
CRANBOURNE_WEST_3977,Cranbourne West,16,98.0469,98.4671,True,58856.0,94.5712,102.6137,100.816,103.5596,98.1468,96.1266,93.4357,605.0,0.5345,217,218,,
CROYDON_3136,Croydon,31,100.103,100.4033,True,59221.0,102.2374,102.129,99.1019,101.7732,100.9719,99.9079,96.7021,600.0,0.5268,151,208,Croydon-Lilydale,6.4809
DALLAS_3047,Dallas,12,98.8524,99.2926,True,40538.0,91.829,103.8098,103.0591,102.4285,99.0687,93.2372,101.6163,520.0,0.667,194,332,,
DANDENONG_3175,Dandenong,134,101.2809,101.7815,True,47609.0,104.4986,102.736,93.273,104.6601,107.3504,103.346,96.6066,497.5,0.5434,119,224,Dandenong,2.1538
DANDENONG_NORTH_3175,Dandenong North,14,98.7809,99.241,True,51184.0,103.306,102.9114,98.0824,93.3704,105.9102,94.3154,96.7914,525.0,0.5334,198,215,,
DARLEY_3340,Darley,12,95.1166,95.6261,True,62129.0,96.0576,102.3145,95.5718,92.4877,101.4484,89.4348,92.068,485.0,0.4059,279,38,,
DAYLESFORD_3460,Daylesford,17,91.8496,93.4757,False,45296.0,76.9151,101.3275,82.4404,97.3976,109.008,100.5762,86.6649,630.0,0.7232,322,342,,
DEANSIDE_3336,Deanside,45,89.1739,90.21,True,63899.0,82.8717,88.2817,105.336,85.3257,85.3926,87.9128,96.3492,475.0,0.3865,351,18,,
DEER_PARK_3023,Deer Park,47,98.4832,99.1102,True,51500.0,97.0826,101.9573,97.2109,96.9796,106.0314,95.6722,98.8375,480.0,0.4847,207,144,St Albans-Deer Park,2.9408
DELACOMBE_3356,Delacombe,16,95.3454,95.9504,False,56390.0,97.5847,101.5218,103.1267,96.9721,96.4292,89.8514,86.167,420.0,0.3873,275,19,Sebastopol-Delacombe,2.6349
DELAHEY_3037,Delahey,12,96.3266,96.8007,True,54187.0,102.054,103.9085,102.2184,89.3859,90.5551,91.0602,98.4226,460.0,0.4414,261,77,,
DIGGERS_REST_3427,Diggers Rest,41,94.6997,95.7491,True,68471.0,99.9047,99.1241,102.8912,105.5967,76.8987,89.6055,96.2226,300.0,0.2278,283,1,,
DOCKLANDS_3008,Docklands,249,107.5913,107.8976,True,63757.0,105.8288,102.072,105.403,110.0416,101.4302,115.1282,115.3793,730.0,0.5954,12,288,Docklands,1.6966
DONCASTER_3108,Doncaster,89,103.0852,103.3309,True,50032.0,102.3146,101.3924,103.216,105.5903,107.4069,101.6924,101.7039,850.0,0.8834,67,360,Bulleen-Templestowe-Doncaster,3.4499
DONCASTER_EAST_3109,Doncaster East,67,101.7617,102.011,True,51365.0,103.2552,100.4487,103.1624,102.8067,102.916,101.5749,99.9129,760.0,0.7694,102,349,Doncaster East-Donvale,3.3493
DONNYBROOK_3064,Donnybrook,149,90.3404,91.209,True,59143.0,88.7384,87.8733,104.2934,86.2985,84.7928,90.9406,95.5263,505.0,0.444,341,80,,
DONVALE_3111,Donvale,22,99.3481,99.854,True,59576.0,98.6882,102.0946,101.5193,94.2679,107.719,95.0635,99.6252,980.0,0.8554,178,355,Doncaster East-Donvale,3.3493
DOREEN_3754,Doreen,54,98.599,98.9616,True,64193.0,101.7497,100.7493,106.152,94.9987,100.2566,92.2234,96.6018,560.0,0.4536,206,91,,
DOVETON_3177,Doveton,34,97.9052,98.2309,True,46960.0,103.4126,103.3659,97.6027,94.614,99.5783,92.9664,96.0763,555.0,0.6146,221,297,,
DROMANA_3936,Dromana,28,90.5359,91.6579,True,49644.0,84.5417,89.9264,93.7186,99.9322,85.203,99.2176,89.0661,840.0,0.8799,339,358,Dromana-Portsea,5.1604
DROUIN_3818,Drouin,34,93.6412,94.2535,False,54579.0,93.9868,97.0211,100.8693,92.2126,94.6304,93.1833,87.8711,540.0,0.5145,295,189,,
EAGLEHAWK_3556,Eaglehawk,10,92.3846,93.1003,False,53579.0,95.4319,98.604,92.623,95.9489,93.2479,91.9308,83.9158,490.0,0.4756,317,127,,
EAGLEMONT_3084,Eaglemont,11,104.7043,104.823,True,74378.0,103.0565,103.0356,104.5197,106.5532,109.2119,103.5189,103.8654,815.0,0.5698,39,262,,
EAST_GEELONG_3219,East Geelong,15,96.7843,97.6422,False,59668.0,104.6809,103.2246,83.4903,99.5822,105.8201,96.8167,89.8808,450.0,0.3922,247,25,,
EAST_MELBOURNE_3002,East Melbourne,42,108.6424,109.0132,True,80808.0,105.4871,103.5854,101.2728,106.7185,115.6121,114.5598,115.8564,710.0,0.4569,6,97,East Melbourne,2.4151
ECHUCA_3564,Echuca,32,91.2281,92.6088,False,52111.0,92.9444,100.7611,80.3821,95.7025,104.4371,92.5658,81.4684,645.0,0.6436,332,317,Echuca,4.8471
EDITHVALE_3196,Edithvale,13,97.3126,97.785,True,68828.0,105.0963,103.0681,93.9498,97.7143,87.9484,99.2463,97.4719,825.0,0.6233,235,304,,
ELSTERNWICK_3185,Elsternwick,39,104.6152,104.9616,True,72582.0,105.3247,104.0341,95.9815,105.6433,112.3522,105.568,105.8272,620.0,0.4442,42,81,Elsternwick,2.202
ELTHAM_3095,Eltham,15,97.4428,98.0228,True,66125.0,100.2669,102.0105,103.4405,97.8388,84.711,98.9003,98.9916,625.0,0.4915,231,158,Eltham-Research-Montmorency,3.5905
ELWOOD_3184,Elwood,106,104.7989,104.9135,True,77783.0,104.4714,104.089,101.7411,105.9568,103.1429,108.1254,106.8678,635.0,0.4245,35,56,Elwood,2.9752
ENDEAVOUR_HILLS_3802,Endeavour Hills,31,97.8883,98.2789,True,53355.0,103.2248,103.1925,103.8831,93.4025,95.6572,92.4204,96.1721,580.0,0.5653,222,258,Dandenong North-Endeavour Hills,3.2485
EPPING_3076,Epping,97,98.2947,98.7548,True,55649.0,98.3076,102.4099,103.2566,95.6247,100.1834,91.4116,100.0896,540.0,0.5046,214,177,Mill Park-Epping,3.032
ESSENDON_3040,Essendon,89,102.3712,102.6791,True,71429.0,105.1249,103.6775,99.1153,99.8389,102.2035,101.462,107.3312,600.0,0.4368,77,68,Essendon,2.1128
ESSENDON_NORTH_3041,Essendon North,28,103.1716,103.3285,True,69673.0,104.7284,103.7097,100.4328,106.1648,103.0729,99.0605,106.1304,537.5,0.4012,65,33,,
EYNESBURY_3338,Eynesbury,16,89.278,90.292,True,73161.0,80.9675,101.8033,102.0714,85.2461,80.7116,87.9128,93.3315,450.0,0.3198,349,6,,
FAIRFIELD_3078,Fairfield,16,104.7744,104.9541,True,74486.0,105.1625,103.1288,98.1109,107.2154,106.3456,106.7781,107.9374,435.0,0.3037,36,5,Fairfield-Alphington,4.5469
FAWKNER_3060,Fawkner,52,101.4902,101.729,True,51430.0,104.3566,103.8142,98.4959,103.2527,99.4638,98.2952,104.4245,640.0,0.6471,113,322,Oak Park-Glenroy-Fawkner,2.4743
FERNTREE_GULLY_3156,Ferntree Gully,62,99.3632,99.6912,True,59401.0,100.5062,102.9354,104.2933,97.5984,98.2261,97.8427,96.4362,630.0,0.5515,177,237,Ferntree Gully,3.641
FITZROY_3065,Fitzroy,38,109.1281,109.3984,True,71663.0,105.6229,104.1974,103.3083,110.4867,109.1231,118.2848,114.7657,600.0,0.4354,4,66,Fitzroy,1.9381
FITZROY_NORTH_3068,Fitzroy North,40,107.0811,107.221,True,75260.0,105.6751,104.189,106.0086,108.2348,102.3139,112.0688,112.0566,690.0,0.4767,19,130,Fitzroy North-Clifton Hill,3.207
FLEMINGTON_3031,Flemington,43,106.48,106.5494,True,61222.0,104.5048,104.0307,104.8943,107.6831,106.214,107.4193,111.0995,750.0,0.637,24,310,Flemington-Kensington,3.3652
FOOTSCRAY_3011,Footscray,241,107.1543,107.2976,True,55590.0,105.2822,104.2713,103.6331,108.0901,109.9942,110.4376,109.3749,577.5,0.5402,15,221,Footscray,2.6562
FOREST_HILL_3131,Forest Hill,25,102.0071,102.2608,True,54052.0,103.6012,102.062,99.7849,105.858,105.6643,100.172,98.6833,680.0,0.6542,93,325,Vermont-Forest Hill-Burwood East,3.7019
FRANKSTON_3199,Frankston,134,99.7131,100.4334,True,57498.0,102.6478,102.3668,94.7636,101.8697,109.7281,98.8686,92.7892,617.5,0.5585,165,246,Frankston,6.5708
FRANKSTON_NORTH_3200,Frankston North,33,97.8273,98.255,True,55273.0,103.3766,104.0561,100.4297,98.0031,97.9292,90.8931,93.0971,560.0,0.5268,225,207,,
FRASER_RISE_3336,Fraser Rise,33,88.6006,89.8029,True,63899.0,80.3521,82.7794,105.2553,89.6586,83.601,89.7945,97.1796,525.0,0.4272,354,58,,
GEELONG_3220,Geelong,34,102.7603,103.474,False,59668.0,101.7071,102.9705,100.002,105.7481,111.2255,112.5875,90.0772,525.0,0.4575,71,102,Geelong-Newcombe,4.435
GEELONG_WEST_3218,Geelong West,28,101.7493,102.2269,False,64962.0,102.7344,103.7282,98.1839,108.5436,104.0218,108.1698,90.2063,450.0,0.3602,105,10,Herne Hill-Geelong West,4.8432
GISBORNE_3437,Gisborne,17,90.8246,92.1301,True,65391.0,98.2928,97.7553,94.2017,97.2231,71.2998,93.2156,92.9222,720.0,0.5726,335,264,,
GLADSTONE_PARK_3043,Gladstone Park,15,99.4756,99.882,True,58454.0,99.1932,103.6977,99.322,98.7657,101.5759,95.4622,101.1573,595.0,0.5293,171,211,Gladstone Park-Tullamarine,2.9488
GLENROY_3046,Glenroy,98,99.8275,100.1734,True,56060.0,102.149,103.5655,98.7751,99.5868,100.5902,93.0718,103.4752,560.0,0.5194,162,196,Oak Park-Glenroy-Fawkner,2.4743
GLEN_HUNTLY_3163,Glen Huntly,14,104.4311,104.5159,True,64603.0,104.9122,104.0269,104.0506,109.9171,101.6105,103.3866,103.7074,585.0,0.4709,46,117,,
GLEN_IRIS_3146,Glen Iris,78,103.2509,103.5332,True,76555.0,104.4114,102.744,100.4008,100.6915,108.3041,102.9148,105.2655,845.0,0.574,62,265,Camberwell-Glen Iris,2.0867
GLEN_WAVERLEY_3150,Glen Waverley,110,101.2385,101.6152,True,50347.0,101.1942,103.4789,102.0821,97.5964,105.954,101.8566,99.1444,760.0,0.785,120,352,Glen Waverley-Mulgrave,3.1099
GOLDEN_SQUARE_3555,Golden Square,27,92.9492,93.9987,False,51756.0,97.4559,99.9735,88.9194,90.9873,104.9744,91.3317,84.3487,540.0,0.5425,307,223,Golden Square-Kangaroo Flat,6.0002
GREENSBOROUGH_3088,Greensborough,20,101.4329,101.6304,True,67391.0,104.3252,102.9993,103.378,104.0704,94.2902,102.3008,100.049,755.0,0.5826,114,277,Bundoora-Greensborough-Hurstbridge,2.7625
GREENVALE_3059,Greenvale,45,95.9902,96.5255,True,60277.0,96.2155,100.7432,104.3717,91.8595,92.7097,90.7892,98.9896,690.0,0.5953,265,286,,
GROVEDALE_3216,Grovedale,35,96.7719,97.3884,False,58133.0,103.7813,99.1293,92.3327,98.2802,104.3646,95.0359,88.7945,505.0,0.4517,250,87,Belmont-Grovedale,3.9166
HADFIELD_3046,Hadfield,28,102.424,102.6095,True,58944.0,103.0161,103.488,100.3575,104.5437,104.5822,98.5026,103.7764,550.0,0.4852,76,145,,
HALLAM_3803,Hallam,22,97.211,97.6239,True,50168.0,101.2246,96.7164,105.1358,97.6377,90.6096,96.4745,95.5686,580.0,0.6012,239,290,,
HAMILTON_3300,Hamilton,13,96.0948,97.1306,False,50449.0,99.2411,101.7892,93.8,99.3687,107.4125,99.6734,78.6293,430.0,0.4432,264,79,Hamilton,4.8847
HAMLYN_HEIGHTS_3215,Hamlyn Heights,16,98.11,98.6808,False,64962.0,102.4855,104.032,100.9342,87.6483,108.1001,97.4227,90.143,485.0,0.3882,216,23,,
HAMPTON_3188,Hampton,42,102.2003,102.5447,True,70124.0,104.2901,103.0016,97.0257,103.0968,109.0087,98.7148,102.6754,1200.0,0.8899,83,361,Hampton-Beaumaris,4.0278
HAMPTON_EAST_3188,Hampton East,37,102.3569,102.4623,True,70124.0,102.9891,103.7723,103.4289,100.4492,103.1974,101.1795,102.2194,700.0,0.5191,78,195,,
HAMPTON_PARK_3976,Hampton Park,87,97.4234,97.8809,True,52205.0,102.3987,102.39,103.8936,96.6293,88.0549,97.0358,94.7639,560.0,0.5578,233,244,Narre Warren-Hampton Park,3.0159
HARKNESS_3337,Harkness,29,90.8144,91.8302,True,55284.0,88.2199,86.2463,103.5594,85.2593,97.8673,87.9128,93.7462,460.0,0.4327,336,63,,
HASTINGS_3915,Hastings,14,95.5585,96.3176,True,53445.0,96.5772,97.8806,94.0815,94.813,107.4525,93.0611,90.3574,470.0,0.4573,274,100,Hastings-Flinders,5.6035
HAWTHORN_3122,Hawthorn,106,105.308,105.5555,True,70482.0,105.1303,104.0083,100.2569,103.9456,108.103,108.8946,108.5497,597.5,0.4408,32,75,Hawthorn,3.1931
HAWTHORN_EAST_3123,Hawthorn East,73,103.9774,104.318,True,73739.0,104.1175,103.8637,97.6542,100.7402,108.8278,107.7447,107.2782,680.0,0.4795,50,138,East Hawthorn,2.4897
HEIDELBERG_3084,Heidelberg,36,104.4818,104.7262,True,71260.0,102.3059,103.4937,103.1685,104.8849,111.9782,104.056,103.1964,600.0,0.4378,43,70,Heidelberg-Heidelberg West,4.2931
HEIDELBERG_HEIGHTS_3081,Heidelberg Heights,44,101.1299,101.4679,True,62347.0,104.8192,101.5473,98.4492,100.6097,105.0695,95.9926,103.7879,675.0,0.563,123,253,,
HEIDELBERG_WEST_3081,Heidelberg West,38,103.1737,103.3251,True,62347.0,104.8192,102.1953,103.2146,105.7021,104.7843,98.493,104.0674,570.0,0.4754,64,126,Heidelberg-Heidelberg West,4.2931
HERNE_HILL_3218,Herne Hill,17,96.3211,96.798,False,64962.0,102.6768,101.7327,99.5708,86.5997,101.7279,95.485,89.7931,500.0,0.4002,262,31,Herne Hill-Geelong West,4.8432
HIGHETT_3190,Highett,25,102.1317,102.4008,True,65857.0,104.1367,98.8884,98.4069,106.5116,103.3614,104.0014,101.4993,750.0,0.5922,87,285,,
HIGHTON_3216,Highton,46,96.7774,97.5502,False,59667.0,99.6737,97.0151,96.5093,97.5997,106.7774,96.3278,88.9486,445.0,0.3878,248,21,,
HILLSIDE_3037,Hillside,29,94.8393,95.4249,True,61663.0,96.9644,101.2359,98.4612,95.3592,84.585,93.2623,98.1065,550.0,0.4638,280,111,,
HOPPERS_CROSSING_3029,Hoppers Crossing,146,99.9403,100.2325,True,52248.0,102.8016,102.8948,103.5977,100.2315,101.0645,93.358,97.6792,480.0,0.4777,158,133,Werribee-Hoppers Crossing,1.2265
HORSHAM_3400,Horsham,33,94.3711,95.4205,False,54714.0,100.792,99.1071,100.0707,92.6745,103.7252,93.1374,78.4369,595.0,0.5655,284,259,Horsham,4.5685
HUGHESDALE_3166,Hughesdale,28,101.3335,101.6744,True,66431.0,104.244,103.9526,96.381,101.4235,97.6704,106.7869,101.2628,675.0,0.5284,118,209,Murrumbeena-Hughesdale,2.7456
HUNTLY_3551,Huntly,25,85.4439,86.1561,False,58860.0,89.0907,81.4128,95.6683,85.4081,80.1642,87.9128,83.4359,547.5,0.4837,367,142,,
IRYMPLE_3498,Irymple,14,89.1242,90.4956,False,52155.0,92.7395,98.5705,84.0836,99.5242,89.0702,95.9389,73.5422,500.0,0.4985,352,166,,
IVANHOE_3079,Ivanhoe,76,102.9485,103.2697,True,72212.0,104.5522,101.5289,102.05,97.0651,110.481,102.2192,104.9915,675.0,0.4861,68,146,Ivanhoe-Ivanhoe East,2.4591
KALKALLO_3064,Kalkallo,112,94.1153,94.817,True,57182.0,99.2688,102.5671,102.4878,90.8495,83.9763,88.954,95.6156,510.0,0.4638,288,110,,
KANGAROO_FLAT_3555,Kangaroo Flat,33,92.6509,93.4841,False,51756.0,99.1691,94.7231,96.0147,97.4017,92.0364,90.5422,84.5015,545.0,0.5476,314,232,Golden Square-Kangaroo Flat,6.0002
KEILOR_DOWNS_3038,Keilor Downs,13,96.8974,97.3324,True,55661.0,100.7449,102.9456,102.4287,94.4505,92.3787,89.2011,99.1775,510.0,0.4765,243,128,,
KEILOR_EAST_3033,Keilor East,20,101.1259,101.5158,True,63599.0,101.1099,103.4818,105.7871,101.9643,102.1814,92.0827,104.0036,605.0,0.4947,124,161,Keilor East-Avondale Heights,1.8525
KENNINGTON_3550,Kennington,19,97.6909,98.2417,False,53522.0,98.547,103.4205,100.0837,102.9129,100.9784,97.6696,84.0797,562.5,0.5465,228,229,,
KENSINGTON_3031,Kensington,66,107.2282,107.3656,True,78240.0,103.9927,103.3923,104.8087,109.3908,108.4042,108.3952,113.1752,750.0,0.4985,14,165,Flemington-Kensington,3.3652
KEW_3101,Kew,74,103.9064,104.2707,True,71664.0,102.8239,102.7665,99.6407,104.3151,110.0792,101.5228,108.7468,675.0,0.4898,51,152,Kew,2.1805
KEYSBOROUGH_3173,Keysborough,37,98.8784,99.2897,True,62170.0,100.2717,102.5846,104.737,101.4444,97.5728,92.6859,95.7312,700.0,0.5855,192,281,,
KINGSBURY_3083,Kingsbury,28,101.5458,102.0782,True,52379.0,104.5946,103.9818,94.7564,96.6578,111.024,100.5042,103.0289,550.0,0.546,111,228,,
KINGSVILLE_3012,Kingsville,18,102.2745,102.4731,True,80670.0,104.4957,103.1695,100.7417,95.6616,103.1009,102.8855,107.2568,597.5,0.3851,80,16,,
KNOXFIELD_3180,Knoxfield,19,98.7685,99.0997,True,58231.0,102.3711,103.7109,102.3483,98.0008,93.4457,96.7094,97.1118,650.0,0.5804,199,273,,
KURUNJANG_3337,Kurunjang,41,90.9073,91.5306,True,56070.0,90.2479,90.9945,96.4006,85.4116,95.5512,88.0019,94.1064,460.0,0.4266,334,57,,
LAKES_ENTRANCE_3909,Lakes Entrance,16,85.2796,87.1474,False,40731.0,102.1828,99.4884,76.8521,91.5436,70.0,92.0845,77.88,457.5,0.5841,368,279,,
LALOR_3075,Lalor,59,100.3245,100.6565,True,50197.0,99.219,102.8391,100.9834,102.659,102.1025,95.2905,101.502,540.0,0.5594,143,248,Thomastown-Lalor,2.2208
LANGWARRIN_3910,Langwarrin,18,97.4932,97.9595,True,61979.0,95.7145,102.4718,105.2979,94.387,101.1188,94.2504,92.4765,640.0,0.537,230,219,,
LARA_3212,Lara,87,87.4031,88.446,False,61644.0,82.7045,84.9715,100.6717,88.0395,79.7023,91.5718,91.4611,580.0,0.4893,359,150,Lara,4.8796
LAVERTON_3028,Laverton,45,100.1058,100.4145,True,57900.0,103.1294,103.309,105.1288,103.2647,92.229,95.629,100.2117,487.5,0.4378,149,69,,
LEOPOLD_3224,Leopold,30,92.4771,93.1092,False,55483.0,100.1744,91.2331,101.9617,92.6497,88.0766,88.7651,88.9035,555.0,0.5202,316,200,,
LILYDALE_3140,Lilydale,18,99.5869,100.0992,True,60020.0,99.4528,103.7796,96.4613,97.5341,108.6431,99.6617,95.1621,580.0,0.5025,168,175,Croydon-Lilydale,6.4809
LUCKNOW_3875,Lucknow,16,79.6077,80.5142,False,47926.0,75.6056,71.0333,71.8863,85.2859,91.2016,89.7391,78.8473,560.0,0.6076,370,293,,
LYNBROOK_3975,Lynbrook,20,96.7765,97.2416,True,59408.0,98.763,102.4442,103.4537,100.3742,87.4318,93.7267,94.4977,660.0,0.5777,249,268,,
LYNDHURST_3975,Lyndhurst,12,97.2534,97.6063,True,59408.0,96.8439,101.7459,102.843,101.2839,90.6458,95.9435,93.9382,625.0,0.5471,236,230,,
MACLEOD_3085,Macleod,37,99.527,99.9335,True,52379.0,103.4828,101.1276,102.4986,94.6394,101.9657,93.7416,102.0791,300.0,0.2978,170,4,,
MADDINGLEY_3340,Maddingley,17,93.3624,94.3008,True,62129.0,97.3773,87.4307,106.2529,85.4241,103.163,88.7722,91.6855,520.0,0.4352,301,65,,
MAIDSTONE_3012,Maidstone,47,102.2065,102.4513,True,56145.0,104.4298,100.3015,104.5496,98.8815,104.9943,97.8958,106.1065,610.0,0.565,82,256,,
MALVERN_3144,Malvern,48,103.3262,103.8026,True,76555.0,105.2208,102.8373,93.0379,106.2016,110.0859,104.033,105.2017,695.0,0.4721,61,120,Malvern,2.1265
MALVERN_EAST_3145,Malvern East,127,102.054,102.4919,True,68665.0,103.8946,103.2488,94.2596,101.4256,103.5623,107.3686,103.6836,600.0,0.4544,89,94,Malvern East,1.9059
MAMBOURIN_3024,Mambourin,15,92.5181,93.1508,True,62584.0,92.9654,96.555,100.1808,95.8455,83.2016,87.9128,95.3945,485.0,0.403,315,34,,
MANOR_LAKES_3024,Manor Lakes,37,91.6041,92.4621,True,66517.0,86.4689,99.8693,104.2128,89.6998,82.9634,88.7026,95.3184,460.0,0.3596,326,9,,
MARIBYRNONG_3032,Maribyrnong,63,104.2925,104.4186,True,64104.0,104.3732,102.6712,104.5113,107.7651,104.7861,100.2637,106.5596,587.5,0.4766,48,129,,
MCKINNON_3204,Mckinnon,18,100.6705,100.996,True,67586.0,104.8512,103.3095,93.0002,99.6375,101.0143,102.3614,102.7978,760.0,0.5847,132,280,,
MEADOW_HEIGHTS_3048,Meadow Heights,41,98.7427,99.092,True,43967.0,102.626,101.3732,105.5502,97.3185,94.7291,91.6131,100.4339,560.0,0.6623,200,330,,
MELBOURNE_3000,Melbourne,585,110.7287,111.2896,True,37500.0,105.8782,103.754,104.4238,110.416,108.6458,123.4548,122.4545,680.0,0.9429,1,366,CBD-St Kilda Rd,2.5845
MELBOURNE_3004,Melbourne,33,105.5764,106.0158,True,74797.0,105.7812,103.9531,98.6719,101.3949,110.3736,110.1699,111.7657,820.0,0.5701,30,263,,
MELTON_3337,Melton,55,100.0857,100.3501,True,50391.0,101.0918,103.3194,103.2138,103.2178,102.7348,94.5083,94.3647,400.0,0.4128,152,48,Melton,2.1476
MELTON_SOUTH_3338,Melton South,143,96.9736,97.3284,True,52304.0,96.3434,101.0384,100.0587,97.6089,98.9898,93.1976,94.062,395.0,0.3927,241,26,,
MELTON_WEST_3337,Melton West,20,96.4341,97.0812,True,55284.0,98.9333,101.1966,97.9282,90.9072,106.2783,90.3939,93.9306,437.5,0.4115,257,46,,
MENTONE_3194,Mentone,40,103.8201,103.9529,True,66776.0,103.8903,103.7746,103.352,106.4553,105.5849,104.6302,99.9829,747.5,0.5821,54,276,Mentone-Parkdale-Mordialloc,2.1404
MERNDA_3754,Mernda,67,98.4238,98.8724,True,60889.0,96.0968,99.8347,106.5118,95.5204,103.0202,93.735,97.3876,550.0,0.4697,210,115,,
MICKLEHAM_3064,Mickleham,122,92.0978,92.8865,True,57182.0,87.6029,98.055,100.3623,90.2373,88.886,89.1703,95.8918,535.0,0.4865,320,149,,
MILDURA_3500,Mildura,84,91.8762,93.1857,False,45238.0,96.6056,98.1538,93.3391,94.8424,102.5401,93.3543,73.4649,490.0,0.5632,321,254,,
MILL_PARK_3082,Mill Park,84,99.4617,99.7392,True,58629.0,103.5244,102.576,102.9981,95.9175,97.8722,95.3377,99.9485,540.0,0.4789,173,136,Mill Park-Epping,3.032
MITCHAM_3132,Mitcham,67,102.7267,102.9637,True,63753.0,103.9796,103.2791,100.7235,103.5028,108.5006,101.8838,98.8762,650.0,0.5302,72,212,Nunawading-Mitcham,3.1202
MOE_3825,Moe,24,92.9025,94.0964,False,50562.0,101.8195,102.2713,98.2785,101.0727,76.6137,93.4919,85.1274,440.0,0.4525,308,89,Moe-Newborough,7.9918
MONT_ALBERT_3127,Mont Albert,18,104.7235,104.8479,True,68063.0,105.5208,102.0634,102.7252,103.2757,110.4727,106.1306,103.7472,647.5,0.4947,38,162,Canterbury-Surrey Hills-Mont Albert,3.6967
MONT_ALBERT_NORTH_3129,Mont Albert North,15,102.1558,102.3602,True,54594.0,102.3814,102.9697,104.3609,98.2497,105.664,99.8124,103.0833,800.0,0.762,85,347,,
MOONEE_PONDS_3039,Moonee Ponds,70,104.3348,104.8342,True,73817.0,105.3015,103.2194,92.5335,106.6577,106.3649,110.4703,109.2923,562.5,0.3963,47,28,Moonee Ponds-Ascot Vale,2.5683
MOORABBIN_3189,Moorabbin,15,102.223,102.5523,True,64787.0,104.4745,103.3394,95.512,102.8072,109.0133,100.9147,101.8048,760.0,0.61,81,295,,
MOOROOLBARK_3138,Mooroolbark,26,99.0537,99.5154,True,60216.0,97.1265,102.8502,100.1367,99.3239,105.6555,95.6885,95.8268,670.0,0.5786,186,270,,
MOOROOPNA_3629,Mooroopna,21,91.2294,92.0277,False,49710.0,97.9779,99.3123,84.4966,95.1092,91.141,93.4914,82.6658,372.5,0.3897,331,24,,
MORDIALLOC_3195,Mordialloc,16,102.1908,102.3625,True,67803.0,104.956,103.6129,100.9963,103.615,100.7916,103.7677,98.7977,925.0,0.7094,84,341,Mentone-Parkdale-Mordialloc,2.1404
MORNINGTON_3931,Mornington,43,98.8544,99.621,True,54387.0,101.1372,92.1218,102.5525,100.5729,109.9417,100.0411,90.9798,650.0,0.6215,193,303,Mt Eliza-Mornington-Mt Martha,5.0045
MORWELL_3840,Morwell,119,95.7575,96.4951,False,45199.0,101.8959,100.2176,102.4564,92.5557,102.0518,92.2358,84.0525,410.0,0.4717,268,119,Morwell,7.3174
MOUNT_DUNEED_3217,Mount Duneed,26,93.4121,94.1867,False,58133.0,86.2531,98.8529,95.7957,93.4324,103.2525,92.5855,89.135,587.5,0.5255,300,205,,
MOUNT_ELIZA_3930,Mount Eliza,14,92.8578,93.4946,True,63569.0,90.1007,99.7316,93.3482,92.8097,92.9773,93.7774,91.717,1225.0,1.0021,310,368,Mt Eliza-Mornington-Mt Martha,5.0045
MOUNT_MARTHA_3934,Mount Martha,19,90.2684,91.0577,True,56992.0,91.2323,89.755,92.8765,90.904,91.4205,91.3218,89.8942,1000.0,0.9124,343,363,Mt Eliza-Mornington-Mt Martha,5.0045
MOUNT_PLEASANT_3350,Mount Pleasant,13,95.7973,96.429,False,53937.0,104.7622,103.6,98.1458,86.8085,100.6603,94.6423,86.3842,420.0,0.4049,267,36,,
MOUNT_WAVERLEY_3149,Mount Waverley,60,99.3139,99.6858,True,59296.0,97.4684,102.4927,101.6363,95.8455,102.5028,97.0225,100.8321,800.0,0.7016,179,339,Mount Waverley,3.3876
MULGRAVE_3170,Mulgrave,30,98.8505,99.21,True,58270.0,97.8829,100.9425,102.5619,100.0845,100.6844,93.6452,98.6683,725.0,0.647,195,321,Glen Waverley-Mulgrave,3.1099
MURRUMBEENA_3163,Murrumbeena,53,99.0387,99.5485,True,68518.0,105.0052,102.7755,92.6577,91.0763,98.9095,103.891,102.5242,537.5,0.4079,187,40,Murrumbeena-Hughesdale,2.7456
NARRE_WARREN_3805,Narre Warren,72,96.7095,97.1486,True,54740.0,100.1157,102.341,100.6282,93.3388,94.226,94.6924,94.6978,580.0,0.551,252,236,Narre Warren-Hampton Park,3.0159
NARRE_WARREN_SOUTH_3805,Narre Warren South,12,96.3523,96.8142,True,55268.5,101.5289,102.2752,100.6846,92.9981,94.411,91.8132,93.9887,615.0,0.5786,259,271,,
NEWBOROUGH_3825,Newborough,13,92.7951,93.7896,False,50562.0,100.5157,101.8575,101.5511,94.5344,80.1277,93.0825,84.8584,430.0,0.4422,311,78,Moe-Newborough,7.9918
NEWCOMB_3219,Newcomb,27,99.7089,100.3749,False,50983.0,104.2913,103.1299,98.7975,105.923,108.267,92.5103,89.7052,490.0,0.4998,166,170,Geelong-Newcombe,4.435
NEWPORT_3015,Newport,36,99.7037,100.0681,True,80487.0,103.9565,102.1333,101.6293,88.6804,98.8941,100.0341,105.1493,800.0,0.5169,167,192,Newport-Spotswood,3.2008
NEWTOWN_3220,Newtown,29,100.3961,100.8866,False,67250.0,102.3987,103.9671,99.3347,102.5772,104.0347,103.8758,90.0179,515.0,0.3982,140,29,Newtown,4.2329
NIDDRIE_3042,Niddrie,14,100.4128,100.8168,True,70600.0,103.139,103.1811,97.5804,96.4381,105.9339,94.4999,104.945,698.0,0.5141,139,188,,
NOBLE_PARK_3174,Noble Park,95,101.0276,101.5533,True,48556.0,101.7646,103.2439,97.5865,98.5507,112.1045,100.4349,97.1878,520.0,0.5569,125,243,Noble Park,3.451
NOBLE_PARK_NORTH_3174,Noble Park North,10,99.4739,100.0122,True,52439.0,105.4671,102.8639,102.1245,90.3471,109.2076,92.4823,97.5931,570.0,0.5652,172,257,,
NORLANE_3214,Norlane,52,97.7399,98.1227,False,46544.0,101.8783,100.8554,99.9343,103.55,95.3891,94.3256,90.9263,395.0,0.4413,227,76,,
NORTHCOTE_3070,Northcote,68,104.6256,104.8263,True,75000.0,105.1863,103.5079,101.1189,103.2675,103.0575,108.3679,109.2783,685.0,0.4749,41,125,Northcote,1.9311
NORTH_BENDIGO_3550,North Bendigo,27,94.0924,95.3167,False,53250.0,101.4023,102.2846,85.501,88.8433,109.9574,95.154,84.0744,505.0,0.4931,289,160,North Bendigo,6.1646
NORTH_GEELONG_3215,North Geelong,13,98.3762,98.9442,False,56475.0,102.6589,101.9494,94.9309,93.8537,108.7406,100.0118,90.4644,535.0,0.4926,212,159,North Geelong,4.466
NORTH_MELBOURNE_3051,North Melbourne,152,108.3451,108.8123,True,54000.0,105.7044,104.1229,98.3229,110.0238,115.0932,112.996,115.4226,575.0,0.5537,8,240,North Melbourne-West Melbourne,1.6728
NOTTING_HILL_3168,Notting Hill,16,99.5376,100.0322,True,32436.0,100.4813,94.6933,105.015,90.3,108.2691,101.5216,99.9454,582.5,0.9338,169,364,,
NUNAWADING_3131,Nunawading,26,102.0613,102.2178,True,61426.0,102.961,102.4299,103.0263,103.3574,102.801,101.4265,99.5223,665.0,0.563,88,252,Nunawading-Mitcham,3.1202
OAKLEIGH_3166,Oakleigh,31,101.7012,102.0615,True,61542.0,105.1352,103.2444,95.087,104.815,98.326,106.5222,101.301,650.0,0.5492,108,234,Chadstone-Oakleigh,2.1751
OAKLEIGH_EAST_3166,Oakleigh East,36,100.5914,100.9038,True,61542.0,104.864,103.0942,100.4768,91.9437,104.1792,101.3093,100.4596,650.0,0.5492,135,234,,
OAKLEIGH_SOUTH_3167,Oakleigh South,22,99.2339,99.6104,True,61542.0,103.4809,100.5478,100.116,92.3041,104.0892,96.4307,100.3039,615.0,0.5196,182,197,,
OAK_PARK_3046,Oak Park,24,99.9995,100.3435,True,68940.0,103.5418,104.0442,101.2843,93.1786,99.5754,95.8249,104.9556,695.0,0.5242,156,203,Oak Park-Glenroy-Fawkner,2.4743
OCEAN_GROVE_3226,Ocean Grove,22,89.1906,90.3073,False,57956.0,88.2783,90.7485,97.1813,97.6962,76.2426,94.1045,87.8994,760.0,0.6819,350,335,Ocean Grove-Barwon Heads,4.4057
OFFICER_3809,Officer,117,94.71,95.3094,True,63695.0,93.5372,101.6463,102.614,93.6768,90.2029,92.71,92.779,620.0,0.5062,282,180,,
ORMOND_3204,Ormond,34,100.9791,101.3654,True,64603.0,104.0215,103.6089,92.9102,105.3196,100.5061,100.4147,102.7764,572.5,0.4608,127,107,,
PAKENHAM_3810,Pakenham,215,93.6302,94.4763,True,56076.0,95.8259,98.3124,101.3379,98.9335,81.8692,93.2198,91.8356,570.0,0.5286,296,210,Pakenham,3.9697
PARKDALE_3195,Parkdale,13,100.9363,101.2942,True,67803.0,102.4635,103.4838,96.4044,101.0309,107.7719,98.5589,99.346,590.0,0.4525,129,88,Mentone-Parkdale-Mordialloc,2.1404
PARKVILLE_3052,Parkville,40,106.1576,106.3777,True,47222.0,105.2252,103.4573,104.0161,104.5512,110.9495,103.8423,112.6025,515.0,0.5671,26,261,Carlton-Parkville,2.3895
PASCOE_VALE_3044,Pascoe Vale,46,103.5116,103.7015,True,70407.0,103.3939,103.4924,100.3689,105.266,106.8669,101.3565,105.1658,580.0,0.4284,58,59,Pascoe Vale-Coburg North,2.0433
PASCOE_VALE_SOUTH_3044,Pascoe Vale South,18,102.0121,102.2463,True,69476.0,102.1073,103.539,98.8238,100.32,102.7565,101.542,106.6358,587.5,0.4397,91,73,Coburg-Pascoe Vale South,3.0539
PATTERSON_LAKES_3197,Patterson Lakes,19,95.9793,96.4937,True,64854.0,101.3431,102.497,101.084,97.4061,85.5575,92.5594,95.0086,1420.0,1.1386,266,370,,
PAYNESVILLE_3880,Paynesville,10,86.7554,88.0605,False,43869.0,85.377,100.4639,81.5317,97.8087,78.4236,94.231,78.5874,542.5,0.6431,362,315,,
POINT_COOK_3030,Point Cook,293,98.0202,98.4951,True,64782.0,94.7919,100.523,104.5109,97.9545,101.1459,92.5275,98.012,590.0,0.4736,218,124,,
PORTARLINGTON_3223,Portarlington,20,86.6909,88.1367,False,45117.0,94.7355,89.3086,88.9819,93.0307,70.6825,92.9213,87.296,640.0,0.7376,363,345,,
PORTLAND_3305,Portland,24,92.9961,94.3676,False,51042.0,102.3839,96.0789,90.919,95.3471,105.3176,93.627,76.9,550.0,0.5603,306,250,Portland,5.7291
PORT_MELBOURNE_3207,Port Melbourne,115,103.1165,103.4684,True,84478.0,103.8085,101.222,101.8018,104.6217,94.9803,107.3349,110.5097,807.5,0.4971,66,164,Port Melbourne,6.0431
PRAHRAN_3181,Prahran,144,107.1014,107.3103,True,76813.0,105.664,103.978,102.3287,107.3338,112.8732,109.7078,109.2865,625.0,0.4231,17,54,Prahran-Windsor,2.9098
PRESTON_3072,Preston,134,103.4895,103.7347,True,63456.0,104.8524,103.6413,98.5063,105.8989,100.4922,106.4047,106.347,620.0,0.5081,59,183,Preston,2.752
QUARRY_HILL_3550,Quarry Hill,16,96.8714,97.653,False,54223.0,104.3743,103.1196,94.8743,97.2351,101.246,98.5356,84.1857,500.0,0.4795,244,137,,
REDAN_3350,Redan,15,99.2706,99.8107,False,50644.0,104.7856,102.7605,101.2914,104.5206,105.5451,93.4356,86.3359,450.0,0.462,181,108,,
RED_CLIFFS_3496,Red Cliffs,13,89.1065,90.8195,False,44902.0,88.9001,102.3069,96.5377,101.5336,77.2949,95.4735,73.6901,545.0,0.6312,353,309,,
RESERVOIR_3073,Reservoir,204,101.8012,102.0821,True,60550.0,104.1118,103.3376,98.5441,100.8584,104.5151,99.1163,104.0916,570.0,0.4895,101,151,Reservoir,3.9349
RICHMOND_3121,Richmond,174,107.4089,107.6144,True,74850.0,104.8778,104.1258,101.7495,108.4977,110.5227,111.421,112.1065,700.0,0.4863,13,148,Richmond-Burnley,1.8779
RINGWOOD_3134,Ringwood,46,102.5738,102.7947,True,59560.0,103.4956,101.5799,101.2436,104.5153,104.918,105.5117,98.299,580.0,0.5064,75,181,Ringwood,3.2616
RINGWOOD_EAST_3135,Ringwood East,16,101.6703,102.0561,True,63643.0,99.0847,101.4102,102.0979,105.2083,110.1323,98.8142,97.6449,600.0,0.4902,109,153,,
RINGWOOD_NORTH_3134,Ringwood North,10,99.368,99.6691,True,62606.0,104.3457,102.64,104.9394,91.5071,101.7558,94.4818,98.0142,567.5,0.4714,176,118,,
ROCKBANK_3335,Rockbank,73,89.7567,90.4749,True,60397.0,90.836,90.5702,100.1726,85.6406,82.5086,87.9128,95.6838,480.0,0.4133,347,49,,
ROSANNA_3084,Rosanna,14,100.8905,101.1797,True,71260.0,104.5571,101.7863,95.2327,101.19,103.8898,98.7705,102.8316,560.0,0.4086,131,41,,
ROSEBUD_3939,Rosebud,39,94.2705,95.2515,True,45862.0,85.7262,99.8802,91.9675,99.624,102.8057,98.2976,88.4592,545.0,0.6179,287,301,,
ROWVILLE_3178,Rowville,35,98.9,99.1954,True,61357.0,100.2298,101.3324,104.1378,98.6406,96.4527,96.7403,96.8342,730.0,0.6187,190,302,Rowville,4.2791
ROXBURGH_PARK_3064,Roxburgh Park,48,98.6753,99.125,True,42721.0,99.2781,103.3057,105.6347,100.1254,96.4276,89.5986,99.5046,507.5,0.6177,201,299,Broadmeadows-Roxburgh Park,2.8479
RYE_3941,Rye,47,88.4951,89.3459,True,48057.0,90.8848,83.9147,92.8862,89.822,88.0539,92.1773,87.6827,580.0,0.6276,355,306,,
SAFETY_BEACH_3936,Safety Beach,25,86.8142,88.1084,True,49644.0,96.322,70.0,98.1614,88.5852,82.9424,91.4333,89.3147,770.0,0.8065,361,354,,
SALE_3850,Sale,33,96.4285,97.4038,False,53045.0,103.9085,102.8647,93.2637,98.4373,104.7841,97.3727,81.1956,420.0,0.4117,258,47,Sale-Maffra,3.6395
SANDRINGHAM_3191,Sandringham,27,103.8538,104.0401,True,68884.0,102.4002,103.8492,103.3901,105.5007,109.2345,102.7266,101.1795,650.0,0.4907,52,157,,
SCORESBY_3179,Scoresby,12,100.1052,100.3893,True,58231.0,104.3432,103.7015,106.048,99.2787,92.2904,99.7156,97.3475,720.0,0.643,150,314,Wantirna-Scoresby,3.6534
SEABROOK_3028,Seabrook,18,98.4017,98.8314,True,61745.0,103.4468,103.8523,105.6744,88.1804,100.6026,91.2294,98.8341,555.0,0.4674,211,112,,
SEAFORD_3198,Seaford,65,97.2334,97.736,True,61185.0,102.5133,102.8133,95.5052,99.3521,95.0482,95.5534,93.3665,645.0,0.5482,238,233,Seaford-Carrum Downs,6.0125
SEBASTOPOL_3356,Sebastopol,43,96.3476,96.8842,False,50644.0,101.8187,102.1287,99.1649,101.0903,95.6777,92.1218,86.1871,445.0,0.4569,260,99,Sebastopol-Delacombe,2.6349
SEDDON_3011,Seddon,17,106.5907,106.6683,True,80670.0,105.7165,103.1235,104.9543,108.2063,105.3549,110.6144,108.7083,670.0,0.4319,21,62,Yarraville-Seddon,2.9744
SHEPPARTON_3630,Shepparton,138,94.7888,95.7806,False,55876.0,102.8587,99.7433,93.3816,93.1302,105.5717,93.0914,82.6871,485.0,0.4514,281,86,Shepparton,7.0212
SKYE_3977,Skye,10,96.7982,97.4009,True,63407.0,93.4725,101.7412,104.8279,103.1117,91.3631,94.4877,92.8023,572.5,0.4695,246,114,,
SMYTHES_CREEK_3351,Smythes Creek,11,86.6139,88.1382,False,56390.0,77.4822,70.435,91.324,104.3768,90.8726,96.4966,85.9804,510.0,0.4703,365,116,,
SORRENTO_3943,Sorrento,13,90.6146,91.6978,True,48057.0,102.0668,94.1488,85.7317,96.4656,79.1155,97.2636,87.0929,690.0,0.7466,337,346,,
SOUTHBANK_3006,Southbank,572,108.4214,108.7887,True,60608.0,105.3493,103.5252,105.2038,110.5752,101.7758,118.6854,116.4062,750.0,0.6435,7,316,Southbank,1.6132
SOUTH_KINGSVILLE_3015,South Kingsville,10,98.9766,99.3721,True,80487.0,104.5389,100.8803,104.3484,88.0339,94.2028,97.9639,105.6366,440.0,0.2843,188,3,,
SOUTH_MELBOURNE_3205,South Melbourne,137,107.0827,107.3302,True,72878.0,105.3754,104.2311,104.1445,108.8293,100.5377,113.8289,114.3645,780.0,0.5565,18,241,South Melbourne,1.3589
SOUTH_MORANG_3752,South Morang,56,99.0881,99.4616,True,60976.0,102.5001,100.4387,106.0727,99.9209,95.0313,93.5217,98.7461,570.0,0.4861,184,147,,
SOUTH_YARRA_3141,South Yarra,327,107.105,107.3324,True,73210.0,105.5752,104.0131,100.8574,109.9345,108.0418,111.9007,111.0043,665.0,0.4723,16,122,South Yarra,3.1669
SPOTSWOOD_3015,Spotswood,22,102.0193,102.2755,True,80487.0,105.0674,104.3074,101.9832,103.2482,94.7756,100.0351,106.5113,800.0,0.5169,90,192,Newport-Spotswood,3.2008
SPRINGVALE_3171,Springvale,84,101.5583,101.9554,True,45701.0,102.5543,103.8764,96.3148,105.8749,100.941,106.2483,97.8784,637.5,0.7254,110,343,Springvale,4.0081
SPRINGVALE_SOUTH_3172,Springvale South,14,100.4588,100.6881,True,48551.0,102.678,103.4192,101.1478,102.1197,100.2256,97.4783,97.7479,575.0,0.6158,137,298,,
STAWELL_3380,Stawell,13,95.705,96.7554,False,47494.0,100.8903,102.5771,97.5838,95.3692,108.8166,91.5444,80.5066,475.0,0.5201,270,199,,
STRATHFIELDSAYE_3551,Strathfieldsaye,11,90.5689,91.3975,False,63349.0,96.6751,96.0709,98.7726,90.9209,84.0244,89.5731,83.7458,620.0,0.5089,338,185,,
STRATHMORE_3041,Strathmore,17,101.7546,101.9589,True,69853.0,104.2041,103.2207,104.4556,100.8323,98.5904,96.8172,105.592,675.0,0.5025,103,174,,
STRATHTULLOH_3338,Strathtulloh,27,87.7549,88.6959,True,58411.0,78.8168,85.2881,98.0425,86.8129,89.7023,87.9128,94.2958,475.0,0.4229,357,53,,
ST_ALBANS_3021,St Albans,101,100.2759,100.6048,True,45146.0,102.203,103.3713,101.7718,99.2191,100.3727,97.5707,99.7247,490.0,0.5644,146,255,St Albans-Deer Park,2.9408
ST_ALBANS_PARK_3219,St Albans Park,13,96.6723,97.4553,False,50983.0,104.354,97.8755,96.7234,94.8487,110.9524,87.9128,89.5205,492.5,0.5023,254,173,,
ST_KILDA_3182,St Kilda,267,106.5341,106.6299,True,64901.0,105.4743,103.4868,104.767,108.3288,104.4426,111.2696,108.64,600.0,0.4807,23,141,St Kilda,2.4301
ST_KILDA_EAST_3183,St Kilda East,85,104.4347,104.7075,True,67706.0,104.4927,103.9964,98.272,103.4905,110.84,104.2954,107.5656,650.0,0.4992,45,168,East St Kilda,2.0076
ST_LEONARDS_3223,St Leonards,26,86.6262,87.954,False,45117.0,94.3658,92.9344,86.4116,93.3981,70.0,91.4558,87.1121,530.0,0.6109,364,296,,
SUNBURY_3429,Sunbury,176,90.0855,91.2064,True,62822.0,91.4063,91.6941,99.8917,93.1256,76.0962,91.0088,95.2222,500.0,0.4139,344,50,Sunbury,4.4361
SUNSHINE_3020,Sunshine,36,101.9258,102.1587,True,53280.0,104.4825,103.3296,101.415,102.987,96.1024,102.5585,104.236,517.5,0.5051,95,179,Sunshine,2.8443
SUNSHINE_NORTH_3020,Sunshine North,18,96.7398,97.61,True,49471.0,94.169,102.8504,92.5798,94.3057,102.8451,93.2398,103.2803,550.0,0.5781,251,269,,
SUNSHINE_WEST_3020,Sunshine West,15,97.7777,98.2985,True,51963.0,98.8231,102.3827,96.2482,99.1612,96.1023,92.1723,103.1996,500.0,0.5004,226,171,,
SURREY_HILLS_3127,Surrey Hills,22,102.6771,102.9133,True,68063.0,102.1614,103.2589,102.3995,98.2707,109.5737,100.9237,103.8053,565.0,0.4317,73,61,Canterbury-Surrey Hills-Mont Albert,3.6967
SYDENHAM_3037,Sydenham,38,99.0555,99.5371,True,57970.0,101.8007,101.5455,104.6478,104.4923,86.1298,99.4463,98.6975,510.0,0.4575,185,101,Sydenham,1.5183
TARNEIT_3029,Tarneit,434,94.2788,94.9233,True,53344.0,92.2308,100.5299,103.7018,92.4409,88.2339,89.8772,97.4483,530.0,0.5166,286,191,,
TAYLORS_LAKES_3038,Taylors Lakes,18,96.6783,97.2409,True,60387.0,99.2933,97.2765,97.7412,101.6793,86.5622,98.7707,99.3631,650.0,0.5597,253,249,,
TEMPLESTOWE_3106,Templestowe,30,99.8771,100.1673,True,56785.0,103.6386,100.0486,103.267,98.9919,97.417,96.5358,101.2719,872.5,0.799,159,353,Bulleen-Templestowe-Doncaster,3.4499
TEMPLESTOWE_LOWER_3107,Templestowe Lower,30,100.3946,100.6395,True,56765.0,101.2651,102.6988,103.0579,99.5863,98.1051,97.8173,101.946,720.0,0.6596,141,328,,
THOMASTOWN_3074,Thomastown,63,99.3804,99.9437,True,50696.0,102.785,103.4721,93.1879,104.3563,97.7463,95.8197,102.2386,530.0,0.5436,175,225,Thomastown-Lalor,2.2208
THORNBURY_3071,Thornbury,65,103.5592,103.8106,True,71032.0,103.7908,103.9184,101.3869,101.542,103.1319,105.5113,107.3928,700.0,0.5124,57,187,Thornbury,1.7881
THORNHILL_PARK_3335,Thornhill Park,33,93.7801,94.289,True,60397.0,92.9561,99.7821,103.2162,94.5154,87.516,87.9128,94.1244,450.0,0.3874,293,20,,
TOORAK_3142,Toorak,55,101.9002,102.4381,True,83020.0,104.9815,102.9995,92.7904,102.5789,106.0869,99.6429,107.9865,735.0,0.4604,96,104,Toorak,3.9726
TOOTGAROOK_3941,Tootgarook,15,92.8711,93.523,True,48057.0,98.6864,94.9106,100.3097,85.8316,96.3792,90.5915,87.9519,582.5,0.6303,309,308,,
TORQUAY_3228,Torquay,41,90.4364,91.5294,False,62082.0,98.4554,94.5434,87.9587,98.3811,80.485,93.4283,87.4539,700.0,0.5863,340,282,Torquay,4.4658
TRARALGON_3844,Traralgon,130,93.3422,94.2437,False,61676.0,99.8036,95.9789,104.6883,94.9961,88.6793,92.0701,83.4893,475.0,0.4005,303,32,Traralgon,5.0792
TRAVANCORE_3032,Travancore,20,107.7237,107.855,True,61222.0,105.272,104.381,104.2314,110.4448,111.2605,106.4625,112.9328,530.0,0.4502,10,85,,
TRUGANINA_3029,Truganina,317,91.352,92.2592,True,59849.0,92.1636,87.47,102.0171,88.9631,88.1199,88.8118,98.2689,505.0,0.4388,328,71,,
TULLAMARINE_3043,Tullamarine,16,98.8488,99.197,True,60003.0,102.8115,101.1584,105.0054,92.946,95.6676,94.7367,102.0535,580.0,0.5026,196,176,Gladstone Park-Tullamarine,2.9488
VERMONT_3133,Vermont,19,99.2781,99.6349,True,59004.0,104.1583,103.7813,100.1603,95.1571,100.9324,95.0197,98.2351,690.0,0.6081,180,294,Vermont-Forest Hill-Burwood East,3.7019
VERMONT_SOUTH_3133,Vermont South,23,100.8912,101.1978,True,52033.0,100.2962,102.6198,103.7814,97.6913,107.2969,96.8784,99.8207,900.0,0.8994,130,362,,
VIEWBANK_3084,Viewbank,14,96.6484,97.105,True,65313.0,100.5843,103.5818,98.7211,87.2822,95.9221,92.0234,101.6197,812.5,0.6469,255,320,,
WALLAN_3756,Wallan,93,89.7963,90.7389,True,60634.0,89.4398,97.3858,100.3201,87.6635,78.1861,89.2661,92.9105,450.0,0.3859,346,17,,
WANGARATTA_3677,Wangaratta,28,93.0813,94.2618,False,52675.0,99.0397,101.2371,88.6393,91.9144,105.2595,93.4539,80.2887,460.0,0.4541,305,93,,
WANTIRNA_3152,Wantirna,26,101.8943,102.1926,True,55188.0,101.6544,102.3155,106.2821,99.416,108.6201,99.7717,97.2888,695.0,0.6549,97,326,Wantirna-Scoresby,3.6534
WANTIRNA_SOUTH_3152,Wantirna South,27,101.9634,102.1552,True,54589.0,102.9682,102.9095,105.4965,105.8812,99.4855,100.0915,98.254,677.5,0.6454,94,318,,
WARRAGUL_3820,Warragul,59,92.3181,93.1645,False,54721.0,88.6749,94.6682,100.4244,89.0581,101.1639,90.7872,87.3746,545.0,0.5179,318,194,Warragul,7.8626
WARRNAMBOOL_3280,Warrnambool,99,93.7752,94.7865,False,55031.0,95.574,100.7753,95.6509,95.3684,102.4486,93.943,79.7455,600.0,0.567,294,260,Warrnambool,5.3438
WAURN_PONDS_3216,Waurn Ponds,26,89.9251,91.1511,False,58133.0,100.671,71.4766,92.5589,93.1853,101.37,89.9487,88.8475,290.0,0.2594,345,2,,
WEIR_VIEWS_3338,Weir Views,29,93.5108,94.2054,True,52304.0,87.689,94.7415,91.8932,102.5495,93.6966,95.0758,93.7923,450.0,0.4474,298,84,,
WENDOUREE_3355,Wendouree,64,98.1348,98.7175,False,52596.0,102.263,102.9414,102.6553,97.8464,105.473,93.7857,86.0578,410.0,0.4054,215,37,Wendouree-Alfredton,3.3003
WERRIBEE_3030,Werribee,357,96.5712,97.0965,True,62584.0,98.8043,102.2398,102.8946,96.0697,91.5909,91.3864,96.6899,450.0,0.3739,256,12,Werribee-Hoppers Crossing,1.2265
WERRIBEE_SOUTH_3030,Werribee South,11,91.2741,93.0378,True,61029.0,94.3791,70.0,103.5849,107.8258,85.2285,94.5541,95.6919,480.0,0.409,329,42,,
WESTMEADOWS_3049,Westmeadows,25,98.8894,99.345,True,58454.0,103.1024,99.7893,102.8866,92.7238,103.3837,91.9559,101.5735,500.0,0.4448,191,82,,
WEST_FOOTSCRAY_3012,West Footscray,59,103.5617,103.6918,True,66706.0,104.6749,102.9331,103.078,104.9814,103.5505,99.5053,107.1192,525.0,0.4093,56,44,West Footscray,3.1117
WEST_MELBOURNE_3003,West Melbourne,134,109.5936,109.8923,True,54979.0,105.7227,103.7413,105.5302,109.9366,107.7885,118.4818,118.045,625.0,0.5911,3,284,North Melbourne-West Melbourne,1.6728
WEST_WODONGA_3690,West Wodonga,15,93.5723,94.5748,False,57249.0,94.1805,101.8563,104.535,92.3229,99.1341,91.7637,78.2315,540.0,0.4905,297,155,,
WHEELERS_HILL_3150,Wheelers Hill,31,99.7485,100.0708,True,51528.0,102.4871,102.9607,104.1307,96.5339,101.5335,93.9039,98.9456,850.0,0.8578,164,356,,
WHITE_HILLS_3550,White Hills,14,93.8502,94.7216,False,58860.0,103.8572,103.9401,96.0021,85.2503,98.365,91.6985,83.9377,540.0,0.4771,291,132,,
WILLIAMSTOWN_3016,Williamstown,35,104.0643,104.2766,True,74462.0,105.1982,103.8794,101.9598,100.9303,109.4749,104.6221,103.8717,800.0,0.5587,49,247,Williamstown,3.7339
WILLIAMS_LANDING_3027,Williams Landing,21,95.7449,96.4806,True,57900.0,94.6246,86.2324,106.1324,97.8339,98.7691,92.6978,99.074,600.0,0.5389,269,220,,
WINDSOR_3181,Windsor,44,105.7173,106.0203,True,76813.0,105.6223,104.1667,103.1529,96.6722,112.4001,110.7949,109.3328,650.0,0.44,29,74,Prahran-Windsor,2.9098
WODONGA_3690,Wodonga,94,95.63,96.7421,False,53152.0,99.8944,100.4644,99.9684,97.4379,105.361,95.9252,78.1433,545.0,0.5332,272,214,,
WOLLERT_3750,Wollert,174,93.1834,94.0462,True,57789.0,85.7806,98.2485,105.8648,87.9907,91.8588,89.7594,98.8209,530.0,0.4769,304,131,,
WONTHAGGI_3995,Wonthaggi,11,96.8225,97.435,False,46209.0,99.6426,99.9818,99.1047,95.1844,107.1363,95.901,85.094,425.0,0.4783,245,134,,
WOODSTOCK_3751,Woodstock,18,82.8648,84.1378,True,59143.0,72.7903,70.0,93.0929,85.2461,83.0503,87.9128,96.8719,500.0,0.4396,369,72,,
WYNDHAM_VALE_3024,Wyndham Vale,215,92.7215,93.5203,True,58636.0,89.9373,93.7781,103.1942,95.8656,85.9823,90.1246,95.7602,450.0,0.3991,313,30,,
YARRAVILLE_3013,Yarraville,44,101.7265,102.0116,True,81233.0,104.2777,103.503,97.0446,101.4443,98.7289,102.908,106.1751,750.0,0.4801,106,139,Yarraville-Seddon,2.9744
YARRAWONGA_3730,Yarrawonga,20,89.5339,91.0376,False,48921.0,80.4349,94.1561,87.9167,95.5127,106.58,93.4366,79.2259,420.0,0.4464,348,83,,
